perturbation,level,representation,class_top1,class_top3,vector_cosine,rank_stability,mean_confidence,ece
gaussian_noise,0.01,raw_spectrum,0.5893333333333334,0.7653333333333333,,,,
gaussian_noise,0.01,csm_49,0.8426666666666667,0.9706666666666667,,,,
gaussian_noise,0.01,chemistry_evidence_16,0.8506666666666667,0.9733333333333334,0.9732585471613687,0.968,0.7685487123790253,0.08211795428764149
gaussian_noise,0.01,legacy_theme_bsv,0.49333333333333335,0.7973333333333333,,,,
gaussian_noise,0.01,legacy_11_axis,0.664,0.8533333333333334,,,,
gaussian_noise,0.02,raw_spectrum,0.5893333333333334,0.7653333333333333,,,,
gaussian_noise,0.02,csm_49,0.8453333333333334,0.9706666666666667,,,,
gaussian_noise,0.02,chemistry_evidence_16,0.8453333333333334,0.9733333333333334,0.9731196581402735,0.9626666666666667,0.7664259353584002,0.07890739797493307
gaussian_noise,0.02,legacy_theme_bsv,0.496,0.7973333333333333,,,,
gaussian_noise,0.02,legacy_11_axis,0.6613333333333333,0.8506666666666667,,,,
gaussian_noise,0.05,raw_spectrum,0.584,0.7573333333333333,,,,
gaussian_noise,0.05,csm_49,0.84,0.9706666666666667,,,,
gaussian_noise,0.05,chemistry_evidence_16,0.84,0.9733333333333334,0.9712534095202336,0.9573333333333334,0.7557072156307897,0.08429278436921035
gaussian_noise,0.05,legacy_theme_bsv,0.48533333333333334,0.792,,,,
gaussian_noise,0.05,legacy_11_axis,0.6533333333333333,0.8373333333333334,,,,
gaussian_noise,0.1,raw_spectrum,0.5253333333333333,0.7333333333333333,,,,
gaussian_noise,0.1,csm_49,0.824,0.968,,,,
gaussian_noise,0.1,chemistry_evidence_16,0.8053333333333333,0.9706666666666667,0.962593406734058,0.9173333333333333,0.7297658405228457,0.07827658875548837
gaussian_noise,0.1,legacy_theme_bsv,0.44,0.7626666666666667,,,,
gaussian_noise,0.1,legacy_11_axis,0.6346666666666667,0.824,,,,
gaussian_noise,0.2,raw_spectrum,0.4533333333333333,0.6506666666666666,,,,
gaussian_noise,0.2,csm_49,0.784,0.9493333333333334,,,,
gaussian_noise,0.2,chemistry_evidence_16,0.76,0.952,0.9267111598375906,0.8613333333333333,0.663306129129809,0.09858278355498497
gaussian_noise,0.2,legacy_theme_bsv,0.3333333333333333,0.6693333333333333,,,,
gaussian_noise,0.2,legacy_11_axis,0.576,0.8106666666666666,,,,
shot_noise,0.01,raw_spectrum,0.592,0.768,,,,
shot_noise,0.01,csm_49,0.8453333333333334,0.9706666666666667,,,,
shot_noise,0.01,chemistry_evidence_16,0.8533333333333334,0.9733333333333334,0.9732468346888045,0.9706666666666667,0.7695680973980398,0.08775991326251081
shot_noise,0.01,legacy_theme_bsv,0.49333333333333335,0.7973333333333333,,,,
shot_noise,0.01,legacy_11_axis,0.664,0.8533333333333334,,,,
shot_noise,0.02,raw_spectrum,0.592,0.768,,,,
shot_noise,0.02,csm_49,0.8506666666666667,0.9706666666666667,,,,
shot_noise,0.02,chemistry_evidence_16,0.848,0.9733333333333334,0.9732657276629024,0.9653333333333334,0.7696560678835346,0.08240067021967078
shot_noise,0.02,legacy_theme_bsv,0.49333333333333335,0.7973333333333333,,,,
shot_noise,0.02,legacy_11_axis,0.664,0.8533333333333334,,,,
shot_noise,0.05,raw_spectrum,0.5893333333333334,0.7653333333333333,,,,
shot_noise,0.05,csm_49,0.8506666666666667,0.9706666666666667,,,,
shot_noise,0.05,chemistry_evidence_16,0.8453333333333334,0.976,0.9732139163008746,0.9626666666666667,0.7698662136773976,0.079607003878942
shot_noise,0.05,legacy_theme_bsv,0.488,0.7946666666666666,,,,
shot_noise,0.05,legacy_11_axis,0.664,0.856,,,,
shot_noise,0.1,raw_spectrum,0.5893333333333334,0.7626666666666667,,,,
shot_noise,0.1,csm_49,0.848,0.9706666666666667,,,,
shot_noise,0.1,chemistry_evidence_16,0.84,0.976,0.972808286742011,0.9573333333333334,0.7694175476119691,0.0705824523880309
shot_noise,0.1,legacy_theme_bsv,0.488,0.7946666666666666,,,,
shot_noise,0.1,legacy_11_axis,0.6693333333333333,0.8613333333333333,,,,
shot_noise,0.2,raw_spectrum,0.5893333333333334,0.7706666666666667,,,,
shot_noise,0.2,csm_49,0.8266666666666667,0.9706666666666667,,,,
shot_noise,0.2,chemistry_evidence_16,0.8373333333333334,0.976,0.9709130979941605,0.9546666666666667,0.764674388231029,0.07413767832331643
shot_noise,0.2,legacy_theme_bsv,0.4746666666666667,0.792,,,,
shot_noise,0.2,legacy_11_axis,0.6666666666666666,0.8613333333333333,,,,
baseline_drift,0.05,raw_spectrum,0.5786666666666667,0.7626666666666667,,,,
baseline_drift,0.05,csm_49,0.8346666666666667,0.968,,,,
baseline_drift,0.05,chemistry_evidence_16,0.8426666666666667,0.9733333333333334,0.9721995031281623,0.9706666666666667,0.7647857083916829,0.08152020440394758
baseline_drift,0.05,legacy_theme_bsv,0.4826666666666667,0.8026666666666666,,,,
baseline_drift,0.05,legacy_11_axis,0.6666666666666666,0.8426666666666667,,,,
baseline_drift,0.1,raw_spectrum,0.568,0.7466666666666667,,,,
baseline_drift,0.1,csm_49,0.8266666666666667,0.9706666666666667,,,,
baseline_drift,0.1,chemistry_evidence_16,0.84,0.968,0.968565259796451,0.9466666666666667,0.7574685994473186,0.0890618468637971
baseline_drift,0.1,legacy_theme_bsv,0.4613333333333333,0.7973333333333333,,,,
baseline_drift,0.1,legacy_11_axis,0.656,0.848,,,,
baseline_drift,0.2,raw_spectrum,0.5306666666666666,0.736,,,,
baseline_drift,0.2,csm_49,0.8,0.9626666666666667,,,,
baseline_drift,0.2,chemistry_evidence_16,0.8133333333333334,0.968,0.9568376724801922,0.9253333333333333,0.7371637595046626,0.08193240431804345
baseline_drift,0.2,legacy_theme_bsv,0.416,0.7626666666666667,,,,
baseline_drift,0.2,legacy_11_axis,0.624,0.8426666666666667,,,,
baseline_drift,0.4,raw_spectrum,0.48533333333333334,0.696,,,,
baseline_drift,0.4,csm_49,0.7573333333333333,0.9413333333333334,,,,
baseline_drift,0.4,chemistry_evidence_16,0.76,0.9413333333333334,0.9225144672331343,0.8426666666666667,0.709326545815113,0.060652040679500176
baseline_drift,0.4,legacy_theme_bsv,0.38666666666666666,0.7013333333333334,,,,
baseline_drift,0.4,legacy_11_axis,0.6,0.8053333333333333,,,,
baseline_drift,0.8,raw_spectrum,0.41333333333333333,0.6213333333333333,,,,
baseline_drift,0.8,csm_49,0.6373333333333333,0.8853333333333333,,,,
baseline_drift,0.8,chemistry_evidence_16,0.6133333333333333,0.8746666666666667,0.8375547161468585,0.672,0.6676463034882288,0.05938506391650681
baseline_drift,0.8,legacy_theme_bsv,0.2906666666666667,0.6026666666666667,,,,
baseline_drift,0.8,legacy_11_axis,0.5013333333333333,0.7413333333333333,,,,
fluorescence,0.05,raw_spectrum,0.544,0.736,,,,
fluorescence,0.05,csm_49,0.832,0.9706666666666667,,,,
fluorescence,0.05,chemistry_evidence_16,0.84,0.976,0.9665373178152143,0.9546666666666667,0.7388874666235894,0.1011125333764107
fluorescence,0.05,legacy_theme_bsv,0.448,0.792,,,,
fluorescence,0.05,legacy_11_axis,0.6266666666666667,0.816,,,,
fluorescence,0.1,raw_spectrum,0.488,0.7226666666666667,,,,
fluorescence,0.1,csm_49,0.8266666666666667,0.96,,,,
fluorescence,0.1,chemistry_evidence_16,0.808,0.9706666666666667,0.9500175860169675,0.8853333333333333,0.7016491501809929,0.10635084981900697
fluorescence,0.1,legacy_theme_bsv,0.3973333333333333,0.7653333333333333,,,,
fluorescence,0.1,legacy_11_axis,0.608,0.7946666666666666,,,,
fluorescence,0.2,raw_spectrum,0.4106666666666667,0.616,,,,
fluorescence,0.2,csm_49,0.8,0.944,,,,
fluorescence,0.2,chemistry_evidence_16,0.744,0.936,0.8989692514565496,0.816,0.6233623456311445,0.1206376543688556
fluorescence,0.2,legacy_theme_bsv,0.30666666666666664,0.6613333333333333,,,,
fluorescence,0.2,legacy_11_axis,0.488,0.7466666666666667,,,,
fluorescence,0.4,raw_spectrum,0.2906666666666667,0.4533333333333333,,,,
fluorescence,0.4,csm_49,0.672,0.8773333333333333,,,,
fluorescence,0.4,chemistry_evidence_16,0.504,0.848,0.7728928123573402,0.5573333333333333,0.4908294402681771,0.07451603453378854
fluorescence,0.4,legacy_theme_bsv,0.20533333333333334,0.4666666666666667,,,,
fluorescence,0.4,legacy_11_axis,0.35733333333333334,0.648,,,,
fluorescence,0.8,raw_spectrum,0.16266666666666665,0.3546666666666667,,,,
fluorescence,0.8,csm_49,0.296,0.5866666666666667,,,,
fluorescence,0.8,chemistry_evidence_16,0.224,0.48533333333333334,0.5896312035134853,0.256,0.44391907792512797,0.21991907792512794
fluorescence,0.8,legacy_theme_bsv,0.112,0.2906666666666667,,,,
fluorescence,0.8,legacy_11_axis,0.23733333333333334,0.45066666666666666,,,,
wavelength_shift,1.0,raw_spectrum,0.592,0.76,,,,
wavelength_shift,1.0,csm_49,0.8346666666666667,0.968,,,,
wavelength_shift,1.0,chemistry_evidence_16,0.8426666666666667,0.976,0.9727173394288616,0.9653333333333334,0.7689114728002713,0.07820765859768963
wavelength_shift,1.0,legacy_theme_bsv,0.5013333333333333,0.8,,,,
wavelength_shift,1.0,legacy_11_axis,0.656,0.856,,,,
wavelength_shift,2.0,raw_spectrum,0.592,0.7653333333333333,,,,
wavelength_shift,2.0,csm_49,0.8266666666666667,0.9653333333333334,,,,
wavelength_shift,2.0,chemistry_evidence_16,0.84,0.9733333333333334,0.9712542181554483,0.96,0.7674151206630082,0.07728529201980967
wavelength_shift,2.0,legacy_theme_bsv,0.496,0.7973333333333333,,,,
wavelength_shift,2.0,legacy_11_axis,0.6586666666666666,0.8426666666666667,,,,
wavelength_shift,4.0,raw_spectrum,0.5706666666666667,0.768,,,,
wavelength_shift,4.0,csm_49,0.8133333333333334,0.9653333333333334,,,,
wavelength_shift,4.0,chemistry_evidence_16,0.8293333333333334,0.968,0.9653668934946154,0.944,0.7575585323823744,0.08483107183446573
wavelength_shift,4.0,legacy_theme_bsv,0.49066666666666664,0.7866666666666666,,,,
wavelength_shift,4.0,legacy_11_axis,0.6533333333333333,0.8293333333333334,,,,
wavelength_shift,8.0,raw_spectrum,0.5626666666666666,0.768,,,,
wavelength_shift,8.0,csm_49,0.7706666666666667,0.952,,,,
wavelength_shift,8.0,chemistry_evidence_16,0.776,0.96,0.937454820481713,0.8666666666666667,0.7194021649262375,0.08495922500165666
wavelength_shift,8.0,legacy_theme_bsv,0.448,0.768,,,,
wavelength_shift,8.0,legacy_11_axis,0.6213333333333333,0.8293333333333334,,,,
wavelength_shift,16.0,raw_spectrum,0.4826666666666667,0.7066666666666667,,,,
wavelength_shift,16.0,csm_49,0.6213333333333333,0.8346666666666667,,,,
wavelength_shift,16.0,chemistry_evidence_16,0.6,0.84,0.8241678234888603,0.6613333333333333,0.6628929233028948,0.0878678900383828
wavelength_shift,16.0,legacy_theme_bsv,0.384,0.712,,,,
wavelength_shift,16.0,legacy_11_axis,0.52,0.7573333333333333,,,,
spectral_stretch,0.001,raw_spectrum,0.5893333333333334,0.7653333333333333,,,,
spectral_stretch,0.001,csm_49,0.8426666666666667,0.968,,,,
spectral_stretch,0.001,chemistry_evidence_16,0.8453333333333334,0.976,0.9732164029094611,0.9733333333333334,0.7686133428056454,0.08110954739473752
spectral_stretch,0.001,legacy_theme_bsv,0.49333333333333335,0.7973333333333333,,,,
spectral_stretch,0.001,legacy_11_axis,0.6613333333333333,0.8533333333333334,,,,
spectral_stretch,0.002,raw_spectrum,0.5893333333333334,0.7653333333333333,,,,
spectral_stretch,0.002,csm_49,0.8373333333333334,0.968,,,,
spectral_stretch,0.002,chemistry_evidence_16,0.8453333333333334,0.976,0.973101827194518,0.9706666666666667,0.7678101222401722,0.08132506158994292
spectral_stretch,0.002,legacy_theme_bsv,0.496,0.8053333333333333,,,,
spectral_stretch,0.002,legacy_11_axis,0.6586666666666666,0.8506666666666667,,,,
spectral_stretch,0.005,raw_spectrum,0.592,0.76,,,,
spectral_stretch,0.005,csm_49,0.8293333333333334,0.968,,,,
spectral_stretch,0.005,chemistry_evidence_16,0.8426666666666667,0.9733333333333334,0.972058401947692,0.96,0.7646828138657178,0.08054716750418305
spectral_stretch,0.005,legacy_theme_bsv,0.496,0.8026666666666666,,,,
spectral_stretch,0.005,legacy_11_axis,0.6586666666666666,0.848,,,,
spectral_stretch,0.01,raw_spectrum,0.5893333333333334,0.7626666666666667,,,,
spectral_stretch,0.01,csm_49,0.8133333333333334,0.968,,,,
spectral_stretch,0.01,chemistry_evidence_16,0.824,0.9733333333333334,0.9682300036617805,0.936,0.7560125164240604,0.082413182022073
spectral_stretch,0.01,legacy_theme_bsv,0.5146666666666667,0.7973333333333333,,,,
spectral_stretch,0.01,legacy_11_axis,0.6533333333333333,0.8426666666666667,,,,
spectral_stretch,0.02,raw_spectrum,0.5546666666666666,0.752,,,,
spectral_stretch,0.02,csm_49,0.784,0.96,,,,
spectral_stretch,0.02,chemistry_evidence_16,0.7786666666666666,0.96,0.9508860939539214,0.8826666666666667,0.7276221031147161,0.072019096816234
spectral_stretch,0.02,legacy_theme_bsv,0.45866666666666667,0.784,,,,
spectral_stretch,0.02,legacy_11_axis,0.616,0.8293333333333334,,,,
band_broadening,1.0,raw_spectrum,0.592,0.7653333333333333,,,,
band_broadening,1.0,csm_49,0.8453333333333334,0.9706666666666667,,,,
band_broadening,1.0,chemistry_evidence_16,0.8533333333333334,0.9733333333333334,0.9732862702156353,0.9706666666666667,0.768947173464598,0.087416294956678
band_broadening,1.0,legacy_theme_bsv,0.488,0.7973333333333333,,,,
band_broadening,1.0,legacy_11_axis,0.664,0.8506666666666667,,,,
band_broadening,2.0,raw_spectrum,0.5893333333333334,0.7626666666666667,,,,
band_broadening,2.0,csm_49,0.8373333333333334,0.9706666666666667,,,,
band_broadening,2.0,chemistry_evidence_16,0.84,0.9733333333333334,0.973396469913836,0.96,0.7670171753501254,0.07630417941132184
band_broadening,2.0,legacy_theme_bsv,0.49866666666666665,0.8,,,,
band_broadening,2.0,legacy_11_axis,0.664,0.8426666666666667,,,,
band_broadening,4.0,raw_spectrum,0.5866666666666667,0.7626666666666667,,,,
band_broadening,4.0,csm_49,0.8266666666666667,0.9706666666666667,,,,
band_broadening,4.0,chemistry_evidence_16,0.8026666666666666,0.9706666666666667,0.9720029119397733,0.9226666666666666,0.7598412364375419,0.04711374522065051
band_broadening,4.0,legacy_theme_bsv,0.488,0.792,,,,
band_broadening,4.0,legacy_11_axis,0.6533333333333333,0.832,,,,
band_broadening,8.0,raw_spectrum,0.5306666666666666,0.7493333333333333,,,,
band_broadening,8.0,csm_49,0.7893333333333333,0.9573333333333334,,,,
band_broadening,8.0,chemistry_evidence_16,0.7626666666666667,0.9706666666666667,0.9567659905090135,0.8826666666666667,0.7285044385394537,0.05468228213668677
band_broadening,8.0,legacy_theme_bsv,0.456,0.784,,,,
band_broadening,8.0,legacy_11_axis,0.6213333333333333,0.8186666666666667,,,,
band_broadening,16.0,raw_spectrum,0.44533333333333336,0.704,,,,
band_broadening,16.0,csm_49,0.7146666666666667,0.9253333333333333,,,,
band_broadening,16.0,chemistry_evidence_16,0.6346666666666667,0.9306666666666666,0.899334828672394,0.7306666666666667,0.6645344438745826,0.05475772488487139
band_broadening,16.0,legacy_theme_bsv,0.37333333333333335,0.688,,,,
band_broadening,16.0,legacy_11_axis,0.5973333333333334,0.7733333333333333,,,,
intensity_scaling,0.1,raw_spectrum,0.592,0.7653333333333333,,,,
intensity_scaling,0.1,csm_49,0.8453333333333334,0.9706666666666667,,,,
intensity_scaling,0.1,chemistry_evidence_16,0.8506666666666667,0.976,0.9732122571108833,0.9733333333333334,0.7694556583153287,0.08513185419642914
intensity_scaling,0.1,legacy_theme_bsv,0.49066666666666664,0.7973333333333333,,,,
intensity_scaling,0.1,legacy_11_axis,0.664,0.8533333333333334,,,,
intensity_scaling,0.25,raw_spectrum,0.592,0.7653333333333333,,,,
intensity_scaling,0.25,csm_49,0.8453333333333334,0.9706666666666667,,,,
intensity_scaling,0.25,chemistry_evidence_16,0.8506666666666667,0.976,0.9732122571108833,0.9733333333333334,0.7694556583153287,0.0851318541964292
intensity_scaling,0.25,legacy_theme_bsv,0.49066666666666664,0.7973333333333333,,,,
intensity_scaling,0.25,legacy_11_axis,0.664,0.8533333333333334,,,,
intensity_scaling,0.5,raw_spectrum,0.592,0.7653333333333333,,,,
intensity_scaling,0.5,csm_49,0.8453333333333334,0.9706666666666667,,,,
intensity_scaling,0.5,chemistry_evidence_16,0.8506666666666667,0.976,0.9732122571108833,0.9733333333333334,0.7694556583153287,0.08513185419642919
intensity_scaling,0.5,legacy_theme_bsv,0.49066666666666664,0.7973333333333333,,,,
intensity_scaling,0.5,legacy_11_axis,0.664,0.8533333333333334,,,,
intensity_scaling,1.0,raw_spectrum,0.592,0.7653333333333333,,,,
intensity_scaling,1.0,csm_49,0.8453333333333334,0.9706666666666667,,,,
intensity_scaling,1.0,chemistry_evidence_16,0.8506666666666667,0.976,0.9732122571108833,0.9733333333333334,0.7694556583153287,0.08513185419642923
intensity_scaling,1.0,legacy_theme_bsv,0.49066666666666664,0.7973333333333333,,,,
intensity_scaling,1.0,legacy_11_axis,0.664,0.8533333333333334,,,,
intensity_scaling,2.0,raw_spectrum,0.592,0.7653333333333333,,,,
intensity_scaling,2.0,csm_49,0.8453333333333334,0.9706666666666667,,,,
intensity_scaling,2.0,chemistry_evidence_16,0.8506666666666667,0.976,0.9732122571108833,0.9733333333333334,0.7694556583153287,0.08513185419642923
intensity_scaling,2.0,legacy_theme_bsv,0.49066666666666664,0.7973333333333333,,,,
intensity_scaling,2.0,legacy_11_axis,0.664,0.8533333333333334,,,,
peak_dropout,0.05,raw_spectrum,0.5866666666666667,0.7573333333333333,,,,
peak_dropout,0.05,csm_49,0.8506666666666667,0.968,,,,
peak_dropout,0.05,chemistry_evidence_16,0.8506666666666667,0.9706666666666667,0.9698391499059847,0.9733333333333334,0.762342062216722,0.08832460444994476
peak_dropout,0.05,legacy_theme_bsv,0.488,0.7973333333333333,,,,
peak_dropout,0.05,legacy_11_axis,0.6586666666666666,0.84,,,,
peak_dropout,0.1,raw_spectrum,0.584,0.76,,,,
peak_dropout,0.1,csm_49,0.8373333333333334,0.9626666666666667,,,,
peak_dropout,0.1,chemistry_evidence_16,0.84,0.968,0.967864156656837,0.9493333333333334,0.7621859562371889,0.07781404376281101
peak_dropout,0.1,legacy_theme_bsv,0.49066666666666664,0.8133333333333334,,,,
peak_dropout,0.1,legacy_11_axis,0.6533333333333333,0.8373333333333334,,,,
peak_dropout,0.2,raw_spectrum,0.5626666666666666,0.7706666666666667,,,,
peak_dropout,0.2,csm_49,0.8266666666666667,0.9706666666666667,,,,
peak_dropout,0.2,chemistry_evidence_16,0.824,0.976,0.9656911319771916,0.936,0.7551645844922662,0.07667510453859147
peak_dropout,0.2,legacy_theme_bsv,0.45866666666666667,0.7893333333333333,,,,
peak_dropout,0.2,legacy_11_axis,0.6613333333333333,0.8533333333333334,,,,
peak_dropout,0.4,raw_spectrum,0.552,0.7626666666666667,,,,
peak_dropout,0.4,csm_49,0.816,0.9573333333333334,,,,
peak_dropout,0.4,chemistry_evidence_16,0.7893333333333333,0.96,0.9499110052663208,0.8853333333333333,0.7335811105620702,0.07998787801961223
peak_dropout,0.4,legacy_theme_bsv,0.5066666666666667,0.7946666666666666,,,,
peak_dropout,0.4,legacy_11_axis,0.648,0.8426666666666667,,,,
peak_dropout,0.6,raw_spectrum,0.5333333333333333,0.76,,,,
peak_dropout,0.6,csm_49,0.7973333333333333,0.9573333333333334,,,,
peak_dropout,0.6,chemistry_evidence_16,0.7786666666666666,0.9626666666666667,0.9403683525318902,0.8693333333333333,0.7232660501063277,0.06086592418326179
peak_dropout,0.6,legacy_theme_bsv,0.45066666666666666,0.7786666666666666,,,,
peak_dropout,0.6,legacy_11_axis,0.6213333333333333,0.816,,,,
cosmic_spikes,1.0,raw_spectrum,0.608,0.744,,,,
cosmic_spikes,1.0,csm_49,0.8346666666666667,0.96,,,,
cosmic_spikes,1.0,chemistry_evidence_16,0.8506666666666667,0.9653333333333334,0.9604790472243026,0.936,0.7470239573436108,0.10364270932305594
cosmic_spikes,1.0,legacy_theme_bsv,0.48,0.7973333333333333,,,,
cosmic_spikes,1.0,legacy_11_axis,0.656,0.8346666666666667,,,,
cosmic_spikes,2.0,raw_spectrum,0.5626666666666666,0.768,,,,
cosmic_spikes,2.0,csm_49,0.8293333333333334,0.9573333333333334,,,,
cosmic_spikes,2.0,chemistry_evidence_16,0.8186666666666667,0.9626666666666667,0.9504477335747372,0.92,0.7311014590907217,0.08914655882360156
cosmic_spikes,2.0,legacy_theme_bsv,0.424,0.7653333333333333,,,,
cosmic_spikes,2.0,legacy_11_axis,0.6053333333333333,0.8346666666666667,,,,
cosmic_spikes,4.0,raw_spectrum,0.5493333333333333,0.7546666666666667,,,,
cosmic_spikes,4.0,csm_49,0.792,0.9466666666666667,,,,
cosmic_spikes,4.0,chemistry_evidence_16,0.7733333333333333,0.952,0.9312647492423711,0.8506666666666667,0.7130827106079624,0.06182732296520182
cosmic_spikes,4.0,legacy_theme_bsv,0.4,0.768,,,,
cosmic_spikes,4.0,legacy_11_axis,0.5893333333333334,0.832,,,,
cosmic_spikes,8.0,raw_spectrum,0.5253333333333333,0.7493333333333333,,,,
cosmic_spikes,8.0,csm_49,0.784,0.936,,,,
cosmic_spikes,8.0,chemistry_evidence_16,0.7733333333333333,0.9386666666666666,0.9035239428618446,0.8453333333333334,0.6726805620561663,0.10443721228002767
cosmic_spikes,8.0,legacy_theme_bsv,0.3466666666666667,0.6906666666666667,,,,
cosmic_spikes,8.0,legacy_11_axis,0.5493333333333333,0.8026666666666666,,,,
cosmic_spikes,16.0,raw_spectrum,0.44266666666666665,0.656,,,,
cosmic_spikes,16.0,csm_49,0.72,0.9093333333333333,,,,
cosmic_spikes,16.0,chemistry_evidence_16,0.64,0.8906666666666667,0.8367743572128123,0.7013333333333334,0.5929161580818705,0.05734399036354598
cosmic_spikes,16.0,legacy_theme_bsv,0.2986666666666667,0.6213333333333333,,,,
cosmic_spikes,16.0,legacy_11_axis,0.456,0.7253333333333334,,,,
combined,0.25,raw_spectrum,0.5466666666666666,0.7386666666666667,,,,
combined,0.25,csm_49,0.848,0.9733333333333334,,,,
combined,0.25,chemistry_evidence_16,0.8373333333333334,0.976,0.9682520008481553,0.952,0.745297871245151,0.0945922328668642
combined,0.25,legacy_theme_bsv,0.464,0.784,,,,
combined,0.25,legacy_11_axis,0.6453333333333333,0.832,,,,
combined,0.5,raw_spectrum,0.5093333333333333,0.7226666666666667,,,,
combined,0.5,csm_49,0.84,0.9626666666666667,,,,
combined,0.5,chemistry_evidence_16,0.8213333333333334,0.9706666666666667,0.955737625111901,0.9146666666666666,0.7159228036517916,0.11379125361659237
combined,0.5,legacy_theme_bsv,0.4533333333333333,0.768,,,,
combined,0.5,legacy_11_axis,0.6186666666666667,0.824,,,,
combined,1.0,raw_spectrum,0.44,0.648,,,,
combined,1.0,csm_49,0.7946666666666666,0.9493333333333334,,,,
combined,1.0,chemistry_evidence_16,0.752,0.936,0.9130126263068897,0.8346666666666667,0.6473517585205765,0.10464824147942346
combined,1.0,legacy_theme_bsv,0.352,0.6613333333333333,,,,
combined,1.0,legacy_11_axis,0.544,0.7946666666666666,,,,
combined,1.5,raw_spectrum,0.3546666666666667,0.5706666666666667,,,,
combined,1.5,csm_49,0.7493333333333333,0.912,,,,
combined,1.5,chemistry_evidence_16,0.6533333333333333,0.9146666666666666,0.8519509386894194,0.7333333333333333,0.5702869144854973,0.08304641884783609
combined,1.5,legacy_theme_bsv,0.25333333333333335,0.5653333333333334,,,,
combined,1.5,legacy_11_axis,0.4533333333333333,0.7413333333333333,,,,
combined,2.0,raw_spectrum,0.2986666666666667,0.5093333333333333,,,,
combined,2.0,csm_49,0.648,0.864,,,,
combined,2.0,chemistry_evidence_16,0.536,0.8586666666666667,0.7819403456745576,0.6026666666666667,0.5081576148996654,0.0553365943880874
combined,2.0,legacy_theme_bsv,0.216,0.472,,,,
combined,2.0,legacy_11_axis,0.38133333333333336,0.6693333333333333,,,,
