motif_id,chemical_class,index_in_class,k_c,n_class_analytes,retained,rejection_reason,is_anchor,lsm_type,n_bands,band_centers_cm,n_analytes,n_spectra,dominant_broad_class,purity,stability,matched_similarity,activation_share,activation_sparsity,reconstruction_share,redundancy_max,anchor_justification,analytes
acylglycerol.m00,acylglycerol,0,3,17,True,,False,class_shared,7,848;1068;1118;1304;1440;1676;1744,12,17,lipid,1.0,1.0,0.9986,0.4159,0.2941,0.2371,0.8066,,tri-11-eicosenoin;tricaprin;tricaproin;tricaprylin;trielaidin;trierucin;trilaurin;trilinolein;trimyristin;triolein;tripalmitolein;tripetroselinin
acylglycerol.m01,acylglycerol,1,3,17,True,,False,subfamily,7,866;970;1082;1266;1300;1438;1656,8,14,lipid,1.0,1.0,0.994,0.3035,0.5294,0.1461,0.4159,,tri-11-eicosenoin;trielaidin;trierucin;trilinolein;trilinolenin;triolein;tripalmitolein;tripetroselinin
acylglycerol.m02,acylglycerol,2,3,17,True,,False,subfamily,8,892;1062;1130;1180;1248;1298;1442;1742,10,10,lipid,1.0,1.0,0.9996,0.2807,0.4118,0.4062,0.8066,,triarachidin;tribehenin;tricaprin;trielaidin;trierucin;trilaurin;trimyristin;tripalmitin;tripetroselinin;tristearin
carboxylic_acid_metabolite.m00,carboxylic_acid_metabolite,0,2,8,True,,False,class_shared,8,684;784;830;938;1294;1430;1658;1704,6,16,energy_metabolism,1.0,1.0,0.9611,0.569,0.25,0.3168,0.3284,,acetoacetate;citrate;fumarate;malic acid;pyruvate;succinic acid
carboxylic_acid_metabolite.m01,carboxylic_acid_metabolite,1,2,8,True,,False,class_shared,8,476;628;876;1088;1130;1260;1324;1668,7,22,energy_metabolism,1.0,1.0,0.9743,0.431,0.125,0.2013,0.3284,,acetoacetate;ascorbate;citrate;fumarate;lactate;malic acid;pyruvate
chromophore_pigment.m00,chromophore_pigment,0,2,4,True,,False,class_shared,4,1006;1156;1270;1518,3,6,redox_cofactor,1.0,1.0,1.0,0.5229,0.25,0.4895,0.1072,,carotene;riboflavin;β-carotene
chromophore_pigment.m01,chromophore_pigment,1,2,4,True,,False,subfamily,8,742;1060;1180;1224;1346;1402;1464;1622,2,8,redox_cofactor,1.0,1.0,1.0,0.4771,0.5,0.3136,0.1072,,melanin;riboflavin
fatty_acid.m00,fatty_acid,0,5,17,True,,False,subfamily,8,892;1064;1128;1176;1296;1422;1438;1464,10,20,lipid,1.0,1.0,0.9948,0.1994,0.4118,0.1583,0.7411,,14-methylhexadecanoic acid;14-methylpentadecanoic acid;15-methylpalmiticacid;arachidic acid;lauric acid;myristic acid;oleate;palmitic acid;stearate;vaccenic acid
fatty_acid.m01,fatty_acid,1,5,17,True,,False,subfamily,7,866;972;1082;1262;1432;1452;1652,6,10,lipid,1.0,1.0,0.9913,0.2134,0.6471,0.1919,0.3259,,arachidonic acid;linoleic acid;oleate;palmitoleic acid;vaccenic acid;α-linolenic acid
fatty_acid.m02,fatty_acid,2,5,17,True,,False,subfamily,8,826;912;1070;1110;1146;1304;1452;1474,9,18,lipid,1.0,1.0,0.9818,0.1744,0.4706,0.0871,0.6881,,13-methylmyristicacid;14-methylhexadecanoic acid;arachidic acid;lauric acid;oleate;palmitic acid;palmitoleic acid;stearate;vaccenic acid
fatty_acid.m03,fatty_acid,3,5,17,True,,False,class_shared,6,906;1096;1120;1302;1440;1668,11,20,lipid,1.0,1.0,0.9752,0.2387,0.3529,0.1303,0.7465,,12-methyltetradecanoic acid;arachidic acid;elaidic acid;lauric acid;linoleic acid;oleate;palmitic acid;palmitoleic acid;stearate;vaccenic acid;α-linolenic acid
fatty_acid.m04,fatty_acid,4,5,17,True,,False,subfamily,8,818;904;1062;1102;1136;1298;1412;1446,8,13,lipid,1.0,1.0,0.9933,0.1741,0.5294,0.1512,0.7465,,12-methyltetradecanoic acid;13-methylmyristicacid;14-methylpentadecanoic acid;15-methylpalmiticacid;arachidic acid;lauric acid;palmitic acid;stearate
free_amino_acid.m00,free_amino_acid,0,7,18,True,,False,subfamily,8,542;756;870;946;1078;1122;1338;1424,9,35,protein_amino_acid,1.0,1.0,0.9238,0.184,0.5,0.1493,0.453,,alanine;asparagine;aspartate;glutamate;isoleucine;leucine;methionine;tryptophan;valine
free_amino_acid.m01,free_amino_acid,1,7,18,True,,False,subfamily,8,532;852;920;964;1018;1322;1358;1462,10,46,protein_amino_acid,1.0,1.0,0.9748,0.212,0.4444,0.1376,0.3525,,alanine;glutamate;histidine;hydroxyproline;isoleucine;leucine;proline;serine;tryptophan;valine
free_amino_acid.m02,free_amino_acid,2,7,18,True,,False,molecule_discriminating,8,538;640;692;772;870;1200;1346;1426,3,13,protein_amino_acid,1.0,0.9167,0.927,0.0835,0.8333,0.0673,0.3974,,cysteine;glutamate;methionine
free_amino_acid.m03,free_amino_acid,3,7,18,True,,False,subfamily,8,504;840;896;1034;1238;1326;1410;1444,9,39,protein_amino_acid,1.0,1.0,0.9129,0.1401,0.5,0.0682,0.3776,,aspartate;glutamate;glycine;isoleucine;leucine;methionine;proline;serine;valine
free_amino_acid.m04,free_amino_acid,4,7,18,True,,False,molecule_discriminating,8,468;622;752;818;1004;1034;1212;1358,4,18,protein_amino_acid,1.0,0.8333,0.8849,0.1,0.7778,0.0649,0.216,,isoleucine;phenylalanine;serine;tryptophan
free_amino_acid.m05,free_amino_acid,5,7,18,True,,False,subfamily,8,642;796;828;986;1178;1200;1328;1614,7,28,protein_amino_acid,1.0,0.75,0.8523,0.1197,0.6111,0.0703,0.3525,,aspartate;isoleucine;leucine;phenylalanine;proline;tyrosine;valine
free_amino_acid.m06,free_amino_acid,6,7,18,True,,False,subfamily,8,552;924;982;1066;1176;1272;1318;1440,8,33,protein_amino_acid,1.0,0.75,0.8829,0.1607,0.5556,0.0762,0.453,,arginine;aspartate;glutamate;histidine;hydroxyproline;isoleucine;methionine;serine
mono_oligosaccharide.m00,mono_oligosaccharide,0,6,20,True,,False,subfamily,8,530;874;948;1062;1156;1270;1332;1452,7,17,carbohydrate,1.0,1.0,0.9446,0.1443,0.65,0.1067,0.5021,,(+)-fucose;(+)-galactosamine;(+)-galactose;(+)-mannose;(+)-raffinose pentahydrate;(-)-fructose;(-)-ribose
mono_oligosaccharide.m01,mono_oligosaccharide,1,6,20,True,,False,subfamily,8,698;842;936;992;1052;1258;1312;1474,11,26,carbohydrate,1.0,1.0,0.9588,0.18,0.45,0.1146,0.4487,,(+)-arabinose;(+)-galactose;(+)-glucose;(+)-lactose;(+)-mannose;(+)-raffinose pentahydrate;(+)-sucrose;(+)-trehalose;(-)-arabinose;glycerol;β-d-glucose
mono_oligosaccharide.m02,mono_oligosaccharide,2,6,20,True,,False,class_shared,8,542;840;914;1074;1120;1150;1344;1460,12,24,carbohydrate,1.0,1.0,0.9695,0.2005,0.4,0.1332,0.4629,,(+)-fucose;(+)-glucose;(+)-lactose;(+)-maltose;(+)-mannose;(+)-raffinose pentahydrate;(+)-sucrose;(+)-trehalose;(-)-ribose;2-deoxy-d-ribose;glycerol;β-d-glucose
mono_oligosaccharide.m03,mono_oligosaccharide,3,6,20,True,,False,subfamily,8,524;576;852;972;1038;1132;1258;1380,11,29,carbohydrate,1.0,1.0,0.9366,0.1828,0.45,0.0936,0.5021,,(+)-arabinose;(+)-galactose;(+)-glucose;(+)-lactose;(+)-maltose;(+)-mannose;(+)-sucrose;(+)-trehalose;glucosamine;glycerol;n-acetylglucosamine
mono_oligosaccharide.m04,mono_oligosaccharide,4,6,20,True,,False,class_shared,8,626;812;876;924;1046;1084;1276;1470,12,30,carbohydrate,1.0,1.0,0.9323,0.1721,0.4,0.0775,0.3973,,(+)-fucose;(+)-galactose;(+)-lactose;(+)-mannose;(+)-raffinose pentahydrate;(+)-sucrose;(+)-xylose;(-)-fructose;(-)-ribose;2-deoxy-d-ribose;glycerol;n-acetylglucosamine
mono_oligosaccharide.m05,mono_oligosaccharide,5,6,20,True,,False,subfamily,8,524;832;904;932;1084;1116;1148;1398,7,15,carbohydrate,1.0,0.75,0.8632,0.1203,0.65,0.0637,0.476,,(+)-galactose;(+)-lactose;(+)-maltose;(+)-mannose;(+)-trehalose;(+)-xylose;glucosamine
nucleic_acid_polymer.m00,nucleic_acid_polymer,0,1,3,True,,False,class_shared,8,784;1096;1252;1336;1374;1486;1574;1670,3,3,nucleic,1.0,1.0,1.0,1.0,0.0,0.919,0.0,,a-dna;b-dna;t-rna
peptide_protein.m00,peptide_protein,0,10,30,True,,False,class_shared,8,520;856;1000;1102;1170;1246;1452;1676,18,49,protein_amino_acid,1.0,1.0,0.9837,0.1756,0.4,0.0859,0.8406,,collagen;elastase;elastin;ferritin;glutathione transferase;keratin;major proteinase;papain;pepsin;pepsinogen;superoxide dismutases;thaumatin;triosephosphate isomerase;trypsin;trypsin inhibitor;trypsinogen;ubiquitin;α-chymotrypsinogen a (type ii)
peptide_protein.m01,peptide_protein,1,10,30,True,,False,molecule_discriminating,8,686;750;980;1130;1226;1312;1362;1588,4,9,protein_amino_acid,1.0,0.9167,0.919,0.0842,0.8667,0.0412,0.7408,,cytochrome c;hemoglobin;myoglobin;α-chymotrypsinogen a (type ii)
peptide_protein.m02,peptide_protein,2,10,30,True,,False,subfamily,8,542;676;712;832;950;1038;1418;1458,9,25,protein_amino_acid,1.0,0.8333,0.8905,0.0706,0.7,0.0359,0.3999,,albumin;collagen;elastase;elastin;ferritin;insulin;pepsin;trypsin inhibitor;tubulin
peptide_protein.m03,peptide_protein,3,10,30,True,,False,subfamily,8,482;582;864;942;1130;1260;1336;1464,10,33,protein_amino_acid,1.0,0.8333,0.9222,0.0763,0.6667,0.0326,0.435,,albumin;collagen;ferritin;glutathione transferase;lactalbumin;papain;pepsin;triosephosphate isomerase;trypsin inhibitor;xylanase
peptide_protein.m04,peptide_protein,4,10,30,True,,False,subfamily,8,848;1140;1234;1280;1342;1476;1556;1672,11,29,protein_amino_acid,1.0,0.9167,0.9607,0.0616,0.6333,0.0306,0.6861,,collagen;elastase;elastin;glucose oxidase;glutathione transferase;major proteinase;pepsin;pepsinogen;superoxide dismutases;trypsinogen;ubiquitin
peptide_protein.m05,peptide_protein,5,10,30,True,,False,subfamily,8,528;958;1002;1032;1104;1320;1452;1662,16,43,protein_amino_acid,1.0,1.0,0.9749,0.1027,0.4667,0.0586,0.8087,,albumin;carbonic anhydrase;elastin;ferritin;glucose oxidase;glutathione transferase;horseradish peroxidase;insulin;keratin;lactalbumin;major proteinase;superoxide dismutases;triosephosphate isomerase;trypsin inhibitor;ubiquitin;α-chymotrypsinogen a (type ii)
peptide_protein.m06,peptide_protein,6,10,30,True,,False,subfamily,8,834;1006;1126;1238;1346;1452;1606;1674,14,40,protein_amino_acid,1.0,1.0,0.9783,0.1309,0.5333,0.0836,0.8406,,carbonic anhydrase;elastase;insulin;lactalbumin;lectin;pepsin;pepsinogen;superoxide dismutases;thaumatin;trypsin;trypsin inhibitor;trypsinogen;ubiquitin;α-chymotrypsinogen a (type ii)
peptide_protein.m07,peptide_protein,7,10,30,True,,False,subfamily,8,646;856;1010;1210;1346;1448;1618;1664,14,41,protein_amino_acid,1.0,1.0,0.9656,0.1013,0.5333,0.0351,0.7152,,albumin;elastase;ferritin;glutathione transferase;insulin;keratin;lactalbumin;major proteinase;papain;pepsinogen;thaumatin;trypsin;trypsin inhibitor;trypsinogen
peptide_protein.m08,peptide_protein,8,10,30,True,,False,subfamily,8,762;880;1018;1248;1340;1446;1554;1666,17,47,protein_amino_acid,1.0,1.0,0.9681,0.1025,0.4333,0.0517,0.7662,,carbonic anhydrase;elastase;ferritin;glutathione transferase;horseradish peroxidase;keratin;lactalbumin;lectin;major proteinase;papain;pepsin;pepsinogen;thaumatin;triosephosphate isomerase;trypsin;trypsinogen;α-chymotrypsinogen a (type ii)
peptide_protein.m09,peptide_protein,9,10,30,True,,False,subfamily,8,754;1006;1134;1226;1304;1372;1430;1580,10,31,protein_amino_acid,1.0,1.0,0.9682,0.0942,0.6667,0.0397,0.7408,,albumin;carbonic anhydrase;elastase;ferritin;hemoglobin;horseradish peroxidase;lectin;myoglobin;pepsin;thaumatin
phosphate_metabolite.m00,phosphate_metabolite,0,1,3,True,,False,class_shared,8,558;784;936;972;1066;1132;1378;1702,3,11,energy_metabolism,1.0,1.0,1.0,1.0,0.0,0.5794,0.0,,fructose-6-phosphate;phosphate;phosphoenolpyruvate
phospholipid_sphingolipid.m00,phospholipid_sphingolipid,0,2,5,True,,False,class_shared,8,720;880;1062;1128;1296;1438;1658;1742,4,5,lipid,1.0,1.0,0.9924,0.6843,0.2,0.7109,0.4277,,ceramide;sphingomyelin;α-phosphatidylcholine;α-phosphatidylethanolamine
phospholipid_sphingolipid.m01,phospholipid_sphingolipid,1,2,5,True,,False,class_shared,8,470;530;650;862;1090;1182;1320;1502,3,5,lipid,1.0,0.9167,0.9576,0.3157,0.4,0.2006,0.4277,,phosphatidylinositol;α-phosphatidylcholine;α-phosphatidylethanolamine
polysaccharide.m00,polysaccharide,0,2,5,True,,False,class_shared,8,480;862;940;1082;1130;1252;1338;1462,4,9,carbohydrate,1.0,1.0,0.9957,0.5611,0.2,0.4899,0.5561,,amylopectin;amylose;chitin;glycogen
polysaccharide.m01,polysaccharide,1,2,5,True,,False,class_shared,8,498;896;954;1098;1150;1266;1330;1378,4,8,carbohydrate,1.0,1.0,0.962,0.4389,0.2,0.3538,0.5561,,amylose;cellulose;chitin;glycogen
purine.m00,purine,0,2,5,True,,False,class_shared,8,534;624;722;1038;1248;1334;1488;1650,4,13,nucleic,1.0,1.0,0.8782,0.549,0.2,0.3454,0.2819,,adenine;hypoxanthine;urate;xanthine
purine.m01,purine,1,2,5,True,,False,class_shared,8,544;650;938;958;1230;1264;1330;1552,4,14,nucleic,1.0,0.9167,0.9488,0.451,0.2,0.2959,0.2819,,adenine;guanine;hypoxanthine;xanthine
pyrimidine.m00,pyrimidine,0,1,3,True,,False,class_shared,8,552;600;792;1102;1236;1276;1368;1672,3,9,nucleic,1.0,1.0,1.0,1.0,0.0,0.5407,0.0,,cytosine;thymine;uracil
small_nitrogenous.m00,small_nitrogenous,0,1,2,True,,False,class_shared,8,578;606;674;838;904;1010;1416;1658,2,7,energy_metabolism,1.0,1.0,1.0,1.0,0.0,0.545,0.0,,creatinine;urea
sterol_steroid.m00,sterol_steroid,0,3,10,True,,False,class_shared,8,702;882;926;1030;1134;1304;1442;1672,6,9,lipid,1.0,1.0,0.9954,0.395,0.4,0.4283,0.4185,,cholesterol;cholesteryl linoleate;cholesteryl oleate;cholesteryl palmitate;cholesteryl stearate;ethinylestradiol
sterol_steroid.m01,sterol_steroid,1,3,10,True,,False,subfamily,8,552;738;816;1008;1114;1260;1608;1634,5,8,lipid,1.0,1.0,0.9875,0.2869,0.5,0.1907,0.4275,,cholesterol;cholesteryl oleate;diethylstilbestrol;estradiol;estriol
sterol_steroid.m02,sterol_steroid,2,3,10,True,,False,subfamily,8,500;594;730;932;1008;1258;1436;1616,5,8,lipid,1.0,1.0,0.9619,0.3181,0.5,0.1964,0.4275,,cholesterol;estradiol;estriol;estrone;ethinylestradiol
sulfur_thiol_cofactor.m00,sulfur_thiol_cofactor,0,2,4,True,,False,class_shared,8,526;724;806;886;1036;1334;1410;1510,3,13,redox_cofactor,1.0,1.0,1.0,0.6615,0.25,0.5884,0.3703,,acetyl-coa;coenzyme a;glutathione
sulfur_thiol_cofactor.m01,sulfur_thiol_cofactor,1,2,4,True,,False,class_shared,8,506;716;908;962;1206;1450;1496;1638,3,12,redox_cofactor,1.0,1.0,1.0,0.3385,0.25,0.2768,0.3703,,coenzyme a;ergothioneine;glutathione
