dataset_id,canonical_name,top_level_role,secondary_role,domain,biosample,raman_or_sers,raw_path,raw_file_count,spectral_record_count,independent_sample_count,independent_patient_count,independent_analyte_count,currently_used_v3_1,currently_used_src_gaira,evidence_tier,provenance_status,known_limitations
ramanbiolib_202,RamanBioLib reference (202 rows/141 compounds),molecular_grounding,,reference,pure compounds,Raman,/Volumes/SSD_Rad/GAIRA_DATA/raw/ramanbiolib + repo grounding_molecule_*.csv,202,202 rows / 141 unique,141,n/a,141,"YES(space,coverage)",reference_metadata(DB),1,complete(DOI 10.1002/jrs.1734),spontaneous Raman only; 6/11 axes inherited splits
warehouse_43,Grounding evidence warehouse,molecular_grounding,supporting_literature,mixed,mixed,mixed,.../warehouse_source_registry.csv,43 rows / 28 unique ids,4 sources w/ measured,n/a,n/a,~85,YES(corpus map),grounding_search(DB),1,partial,30 rows=15 duplicated papers; only 1 has structured spectra
adenine_sers_control,Adenine bAgNP dose,calibration,molecular_grounding,reference,adenine,SERS,/Volumes/SSD_Rad/GAIRA_DATA/raw/adenine_sers_control,17,17,6-7 conc,n/a,1,YES(live),calibration/loaders,1,complete,single substrate; dampen unvalidated
european_adenine,European multi-instrument adenine,calibration,,reference,adenine,SERS,/Volumes/SSD_Rad/GAIRA_DATA/raw/european_multi_instrument_adenine,7032 txt + ILSdata,3516/7032,43 conc x 15 labs,n/a,1,ablation only,unknown,1,complete,4 substrates/2 lasers UNUSED (demo blind)
ergothioneine_serum,Ergothioneine dose,calibration,,reference,ergothioneine,SERS,/Volumes/SSD_Rad/GAIRA_DATA/raw/ergothioneine_serum,1(55 rows),55,11 conc x5,n/a,1,YES(live),calibration/loaders,1,complete,thiol boost heuristic
serum_ag_colloids,Gobbato serum Ag-colloid (uricase/hypoxanthine),calibration,molecular_grounding+biological,serum,serum+metabolites,SERS,/Volumes/SSD_Rad/GAIRA_DATA/raw/serum_ag_colloids,907 txt,907,1 serum pool + 53 metabolites + 81 donors,n/a,53,YES(SAEL contrasts),serum_ag_colloids_grounding(DB 368),1,complete,uricase inconsistent; empty raw grounding folder (in DB)
cspp_serum,CSPP serum spikes,calibration,,serum,pooled serum,SERS,/Volumes/SSD_Rad/GAIRA_DATA/raw/cspp_serum,1056+5 fig,1056,Bkg/Erg/Hyp,n/a,2,YES(SAEL),unknown,1,complete,conc confounded
sers_metabolite_63,63-metabolite SERS panel (NIHMS1547448),molecular_grounding,calibration,reference,metabolites,SERS,/Volumes/SSD_Rad/GAIRA_DATA/raw/sers_metabolite_63,2 xlsx,63,n/a,n/a,63,grounding(64),grounding,1,complete,1 avg/analyte
amino_acid_raman_grounding,20-analyte amino-acid Raman,molecular_grounding,calibration,reference,AA/metabolites,Raman,/Volumes/SSD_Rad/GAIRA_DATA/raw/amino_acid_raman_grounding,2 xlsx,20,n/a,n/a,20,grounding(20),grounding,1,complete,1/analyte; Raman
metabolite_sers63_support,Fityk fit products (NOT spectra),supporting_literature,,reference,fit products,n/a,/Volumes/SSD_Rad/GAIRA_DATA/raw/metabolite_sers63_support,127,0 spectra,n/a,n/a,n/a,no,no,2,complete,"peak-fit products, not measured spectra"
otc_drugs,OTC drug Raman,calibration,,reference,drugs,Raman,/Volumes/SSD_Rad/GAIRA_DATA/raw/otc_drugs,14 xlsx,300,3 drugs x2,n/a,3,no,drug_detection,1,complete,non-biochemical
serum_protocol_comparison,Serum protocol comparison,calibration,substrate_physics,serum,serum,SERS,/Volumes/SSD_Rad/GAIRA_DATA/raw/serum_protocol_comparison,75 txt,75,5 protocols x3x5,n/a,n/a,no,calibration,1,complete,matrix protocol study
raman_knowledge_core,Raman knowledge core (ontology),supporting_literature,substrate_physics,knowledge,n/a,n/a,/Volumes/SSD_Rad/GAIRA_DATA/raw/raman_knowledge_core,7 csv,0 spectra,n/a,n/a,n/a,indirect,knowledge(DB peak_assignments 288),2,complete,"ontology/knowledge, not spectra"
diabetes_plasma_ev_sers,Diabetes plasma-EV SERS,biological_mixtures,,plasma-EV,EV,SERS,/Volumes/SSD_Rad/GAIRA_DATA/raw/diabetes_plasma_ev_sers,3,31834,63,63,n/a,YES,DB pilot2,3,complete,technical map scans; 39 raw vs 40 meta
shine_ev_sers,SHINE EV-SERS hepatotox,biological_mixtures,,EV,EV/cell,SERS,/Volumes/SSD_Rad/GAIRA_DATA/raw/shine_ev_sers,zip,23646,~41 wells,cell-line,n/a,YES(reduced),DB pilot3,3,complete,3-axis collapse; no mean spectra
small2023_ev,small2023 cell-line EV mixtures,biological_mixtures,,EV,cell-line EV,SERS,/Volumes/SSD_Rad/GAIRA_DATA/raw/small2023_ev,2 mat,105140,5-6 lines,cell-line,n/a,no,DB pilot1/1b,3,complete,AUGMENTED synthetic mixtures
cca_hcc_lm_serum_sers,CCA/HCC/LM/HA serum SERS,biological_mixtures,,serum,serum,SERS,/Volumes/SSD_Rad/GAIRA_DATA/raw/cca_hcc_lm_serum_sers,234,234,218,218,n/a,YES(212),DB pilot4_1,3,complete,SER-CCA-58 dup
hcc_serum,HCC serum CTR/H0T,biological_mixtures,,serum,serum,SERS,/Volumes/SSD_Rad/GAIRA_DATA/raw/hcc_serum,144,144,91,91,n/a,no,SKIPPED,3,complete,registered but skipped
covid_serum_raman,COVID serum Raman,biological_mixtures,,serum,serum,Raman,/Volumes/SSD_Rad/GAIRA_DATA/raw/covid_serum_raman,7,465,~157,~157,n/a,no,DB pilot5,3,complete,pilot5 spectrum-as-patient
ovarian_plasma_raman_sers,Ovarian plasma Raman+SERS,biological_mixtures,,plasma,plasma,Raman+SERS,/Volumes/SSD_Rad/GAIRA_DATA/raw/ovarian_plasma_raman_sers,770,770,55,55,n/a,no,global_v2,3,complete,paired modality
ucla_saliva_sev_gc,UCLA saliva sEV gastric cancer,biological_mixtures,,salivary EV,saliva EV,Raman,/Volumes/SSD_Rad/GAIRA_DATA/raw/ucla_saliva_sev_gc,2231,2231,18,18,n/a,no,global_v2,3,complete,single-vesicle; 1 healthy donor
coeliac_faecal_sers,Coeliac faecal SERS,biological_mixtures,,faecal,faeces,SERS,/Volumes/SSD_Rad/GAIRA_DATA/raw/coeliac_faecal_sers,30,27,27,27,n/a,no,global_v2,3,complete,small n
stroke_urine_sers,Stroke urine SERS,biological_mixtures,,urine,urine,SERS,/Volumes/SSD_Rad/GAIRA_DATA/raw/stroke_urine_sers,rar,482,132,132,n/a,no,global_v2,3,complete,rar-recovered; paired 532/633
mycoplasma_na_sers,Mycoplasma NA-SERS,biological_mixtures,,microbial,culture,SERS,/Volumes/SSD_Rad/GAIRA_DATA/raw/mycoplasma_na_sers,1,521,44 strains,n/a,n/a,no,global_v2,3,complete,not human
single_vesicle_ev_raman,Single-vesicle EV Raman,biological_mixtures,,EV,cell-line EV,Raman,/Volumes/SSD_Rad/GAIRA_DATA/raw/single_vesicle_ev_raman,rar,525,6 preps,cell-line,n/a,no,global_v2,3,complete,rar-recovered
lab_cracked_au,LAB_DATA Cracked/porous Au,biological_mixtures,substrate_physics,in-house,EV/RNA,SERS,/Volumes/SSD_Rad/LAB_DATA/Cracked_Au,5252,5252,8 wells,n/a,n/a,no,no,3,complete,in-house; 2500 non-bio 4-MBA; unwired
serum_ag_colloids_grounding,(empty raw; in DB),molecular_grounding,,serum,serum,SERS,/Volumes/SSD_Rad/GAIRA_DATA/raw/serum_ag_colloids_grounding,0(EMPTY),368(DB),n/a,n/a,n/a,YES(DB),DB grounding_metadata,1,processed-only,empty raw folder; data in duckdb
