spectrum_id,canonical_analyte,raw_name,modality,source,excitation,replicate
ramanbiolib::1,12-methyltetradecanoic acid,12-methyltetradecanoic acid,raman,RamanBioLib,785.0,1
ramanbiolib::2,13-methylmyristicacid,13-methylmyristicacid,raman,RamanBioLib,785.0,1
ramanbiolib::3,14-methylhexadecanoic acid,14-methylhexadecanoic acid,raman,RamanBioLib,785.0,1
ramanbiolib::4,14-methylpentadecanoic acid,14-methylpentadecanoic acid,raman,RamanBioLib,785.0,1
ramanbiolib::5,15-methylpalmiticacid,15-methylpalmiticacid,raman,RamanBioLib,785.0,1
ramanbiolib::6,acetoacetate,acetoacetate,raman,RamanBioLib,785.0,1
ramanbiolib::7,acetyl coenzyme a,acetyl coenzyme a,raman,RamanBioLib,785.0,1
ramanbiolib::8,adenine,adenine,raman,RamanBioLib,785.0,1
ramanbiolib::9,amylopectin,amylopectin,raman,RamanBioLib,785.0,1
ramanbiolib::10,amylose,amylose,raman,RamanBioLib,785.0,1
ramanbiolib::11,ascorbate,ascorbic acid,raman,RamanBioLib,785.0,1
ramanbiolib::12,cellulose,cellulose,raman,RamanBioLib,785.0,1
ramanbiolib::13,chitin,chitin,raman,RamanBioLib,785.0,1
ramanbiolib::14,citrate,citric acid,raman,RamanBioLib,785.0,1
ramanbiolib::15,coenzyme a,coenzyme a,raman,RamanBioLib,785.0,1
ramanbiolib::16,cytosine,cytosine,raman,RamanBioLib,785.0,1
ramanbiolib::17,(+)-dextrose,d-(+)-dextrose,raman,RamanBioLib,785.0,1
ramanbiolib::18,(+)-fucose,d-(+)-fucose,raman,RamanBioLib,785.0,1
ramanbiolib::19,(+)-galactosamine,d-(+)-galactosamine,raman,RamanBioLib,785.0,1
ramanbiolib::20,(+)-mannose,d-(+)-mannose,raman,RamanBioLib,785.0,1
ramanbiolib::21,(+)-trehalose,d-(+)-trehalose,raman,RamanBioLib,785.0,1
ramanbiolib::22,(+)-xylose,d-(+)-xylose,raman,RamanBioLib,785.0,1
ramanbiolib::23,(-)-arabinose,d-(-)-arabinose,raman,RamanBioLib,785.0,1
ramanbiolib::24,(-)-fructose,d-(-)-fructose,raman,RamanBioLib,785.0,1
ramanbiolib::25,fructose-6-phosphate,d-fructose-6-phosphate,raman,RamanBioLib,785.0,1
ramanbiolib::26,fumarate,fumarate,raman,RamanBioLib,785.0,1
ramanbiolib::27,glutathione,glutathione,raman,RamanBioLib,785.0,1
ramanbiolib::28,glycerol,glycerol,raman,RamanBioLib,785.0,1
ramanbiolib::29,glycine,glycine,raman,RamanBioLib,785.0,1
ramanbiolib::30,guanine,guanine,raman,RamanBioLib,785.0,1
ramanbiolib::31,alanine,l-alanine,raman,RamanBioLib,785.0,1
ramanbiolib::32,arginine,l-arginine,raman,RamanBioLib,785.0,1
ramanbiolib::33,glutamate,l-glutamate,raman,RamanBioLib,785.0,1
ramanbiolib::34,histidine,l-histidine,raman,RamanBioLib,785.0,1
ramanbiolib::35,phenylalanine,l-phenylalanine,raman,RamanBioLib,785.0,1
ramanbiolib::36,proline,l-proline,raman,RamanBioLib,785.0,1
ramanbiolib::37,serine,l-serine,raman,RamanBioLib,785.0,1
ramanbiolib::38,tryptophan,l-tryptophan,raman,RamanBioLib,785.0,1
ramanbiolib::39,tyrosine,l-tyrosine,raman,RamanBioLib,785.0,1
ramanbiolib::40,valine,l-valine,raman,RamanBioLib,785.0,1
ramanbiolib::41,lactose,lactose,raman,RamanBioLib,785.0,1
ramanbiolib::42,lauric acid,lauric acid,raman,RamanBioLib,785.0,1
ramanbiolib::43,malic acid,malic acid,raman,RamanBioLib,785.0,1
ramanbiolib::44,myristic acid,myristic acid,raman,RamanBioLib,785.0,1
ramanbiolib::45,n-acetyl- d-glucosamine,n-acetyl- d-glucosamine,raman,RamanBioLib,785.0,1
ramanbiolib::46,oleate,oleic acid,raman,RamanBioLib,785.0,1
ramanbiolib::47,palmitic acid,palmitic acid,raman,RamanBioLib,785.0,1
ramanbiolib::48,phosphoenolpyruvate,phosphoenolpyruvate,raman,RamanBioLib,785.0,1
ramanbiolib::49,pyruvate,pyruvate,raman,RamanBioLib,785.0,1
ramanbiolib::50,riboﬂavin,riboﬂavin,raman,RamanBioLib,785.0,1
ramanbiolib::51,stearate,stearic acid,raman,RamanBioLib,785.0,1
ramanbiolib::52,succinic acid,succinic acid,raman,RamanBioLib,785.0,1
ramanbiolib::53,thymine,thymine,raman,RamanBioLib,785.0,1
ramanbiolib::54,trilinolein,trilinolein,raman,RamanBioLib,785.0,1
ramanbiolib::55,trilinolenin,trilinolenin,raman,RamanBioLib,785.0,1
ramanbiolib::56,triolein,triolein,raman,RamanBioLib,785.0,1
ramanbiolib::57,uracil,uracil,raman,RamanBioLib,785.0,1
ramanbiolib::58,vaccenic acid,vaccenic acid,raman,RamanBioLib,785.0,1
ramanbiolib::59,β-carotene,β-carotene,raman,RamanBioLib,785.0,1
ramanbiolib::60,β-d-glucose,β-d-glucose,raman,RamanBioLib,785.0,1
ramanbiolib::172,melanin,melanin,raman,RamanBioLib,785.0,1
adenine::100nano,adenine,Adenine,sers,adenine_sers_control,785.0,1
adenine::100pg,adenine,Adenine,sers,adenine_sers_control,785.0,1
adenine::10micro,adenine,Adenine,sers,adenine_sers_control,785.0,1
adenine::10nano,adenine,Adenine,sers,adenine_sers_control,785.0,1
adenine::10pg,adenine,Adenine,sers,adenine_sers_control,785.0,1
adenine::1micro,adenine,Adenine,sers,adenine_sers_control,785.0,1
gobbato_sers_metabolites::AcCoA::01,acetyl-coa,acetyl-coa,sers,gobbato_sers_metabolites,785.0,01
gobbato_sers_metabolites::AcCoA::02,acetyl-coa,acetyl-coa,sers,gobbato_sers_metabolites,785.0,02
gobbato_sers_metabolites::AcCoA::03,acetyl-coa,acetyl-coa,sers,gobbato_sers_metabolites,785.0,03
gobbato_sers_metabolites::AcCoA::04,acetyl-coa,acetyl-coa,sers,gobbato_sers_metabolites,785.0,04
gobbato_sers_metabolites::AcCoA::05,acetyl-coa,acetyl-coa,sers,gobbato_sers_metabolites,785.0,05
gobbato_sers_metabolites::Acetoacet::01,acetoacetate,acetoacetate,sers,gobbato_sers_metabolites,785.0,01
gobbato_sers_metabolites::Acetoacet::02,acetoacetate,acetoacetate,sers,gobbato_sers_metabolites,785.0,02
gobbato_sers_metabolites::Acetoacet::03,acetoacetate,acetoacetate,sers,gobbato_sers_metabolites,785.0,03
gobbato_sers_metabolites::Acetoacet::04,acetoacetate,acetoacetate,sers,gobbato_sers_metabolites,785.0,04
gobbato_sers_metabolites::Acetoacet::05,acetoacetate,acetoacetate,sers,gobbato_sers_metabolites,785.0,05
gobbato_sers_metabolites::Ade::01,adenine,adenine,sers,gobbato_sers_metabolites,785.0,01
gobbato_sers_metabolites::Ade::02,adenine,adenine,sers,gobbato_sers_metabolites,785.0,02
gobbato_sers_metabolites::Ade::03,adenine,adenine,sers,gobbato_sers_metabolites,785.0,03
gobbato_sers_metabolites::Ade::04,adenine,adenine,sers,gobbato_sers_metabolites,785.0,04
gobbato_sers_metabolites::Ade::05,adenine,adenine,sers,gobbato_sers_metabolites,785.0,05
gobbato_sers_metabolites::Ala::01,alanine,alanine,sers,gobbato_sers_metabolites,785.0,01
gobbato_sers_metabolites::Ala::02,alanine,alanine,sers,gobbato_sers_metabolites,785.0,02
gobbato_sers_metabolites::Ala::03,alanine,alanine,sers,gobbato_sers_metabolites,785.0,03
gobbato_sers_metabolites::Ala::04,alanine,alanine,sers,gobbato_sers_metabolites,785.0,04
gobbato_sers_metabolites::Ala::05,alanine,alanine,sers,gobbato_sers_metabolites,785.0,05
gobbato_sers_metabolites::Alb::01,albumin,albumin,sers,gobbato_sers_metabolites,785.0,01
gobbato_sers_metabolites::Alb::02,albumin,albumin,sers,gobbato_sers_metabolites,785.0,02
gobbato_sers_metabolites::Alb::03,albumin,albumin,sers,gobbato_sers_metabolites,785.0,03
gobbato_sers_metabolites::Alb::04,albumin,albumin,sers,gobbato_sers_metabolites,785.0,04
gobbato_sers_metabolites::Alb::05,albumin,albumin,sers,gobbato_sers_metabolites,785.0,05
gobbato_sers_metabolites::Arg::01,arginine,arginine,sers,gobbato_sers_metabolites,785.0,01
gobbato_sers_metabolites::Arg::02,arginine,arginine,sers,gobbato_sers_metabolites,785.0,02
gobbato_sers_metabolites::Arg::03,arginine,arginine,sers,gobbato_sers_metabolites,785.0,03
gobbato_sers_metabolites::Arg::04,arginine,arginine,sers,gobbato_sers_metabolites,785.0,04
gobbato_sers_metabolites::Arg::05,arginine,arginine,sers,gobbato_sers_metabolites,785.0,05
gobbato_sers_metabolites::Asc::01,ascorbate,ascorbate,sers,gobbato_sers_metabolites,785.0,01
gobbato_sers_metabolites::Asc::02,ascorbate,ascorbate,sers,gobbato_sers_metabolites,785.0,02
gobbato_sers_metabolites::Asc::03,ascorbate,ascorbate,sers,gobbato_sers_metabolites,785.0,03
gobbato_sers_metabolites::Asc::04,ascorbate,ascorbate,sers,gobbato_sers_metabolites,785.0,04
gobbato_sers_metabolites::Asc::05,ascorbate,ascorbate,sers,gobbato_sers_metabolites,785.0,05
gobbato_sers_metabolites::Chol::01,cholesterol,cholesterol,sers,gobbato_sers_metabolites,785.0,01
gobbato_sers_metabolites::Chol::02,cholesterol,cholesterol,sers,gobbato_sers_metabolites,785.0,02
gobbato_sers_metabolites::Chol::03,cholesterol,cholesterol,sers,gobbato_sers_metabolites,785.0,03
gobbato_sers_metabolites::Chol::04,cholesterol,cholesterol,sers,gobbato_sers_metabolites,785.0,04
gobbato_sers_metabolites::Chol::05,cholesterol,cholesterol,sers,gobbato_sers_metabolites,785.0,05
gobbato_sers_metabolites::Citric::01,citrate,citrate,sers,gobbato_sers_metabolites,785.0,01
gobbato_sers_metabolites::Citric::02,citrate,citrate,sers,gobbato_sers_metabolites,785.0,02
gobbato_sers_metabolites::Citric::03,citrate,citrate,sers,gobbato_sers_metabolites,785.0,03
gobbato_sers_metabolites::Citric::04,citrate,citrate,sers,gobbato_sers_metabolites,785.0,04
gobbato_sers_metabolites::Citric::05,citrate,citrate,sers,gobbato_sers_metabolites,785.0,05
gobbato_sers_metabolites::CoA::01,coenzyme a,coenzyme a,sers,gobbato_sers_metabolites,785.0,01
gobbato_sers_metabolites::CoA::02,coenzyme a,coenzyme a,sers,gobbato_sers_metabolites,785.0,02
gobbato_sers_metabolites::CoA::03,coenzyme a,coenzyme a,sers,gobbato_sers_metabolites,785.0,03
gobbato_sers_metabolites::CoA::04,coenzyme a,coenzyme a,sers,gobbato_sers_metabolites,785.0,04
gobbato_sers_metabolites::CoA::05,coenzyme a,coenzyme a,sers,gobbato_sers_metabolites,785.0,05
gobbato_sers_metabolites::Creat::01,creatinine,creatinine,sers,gobbato_sers_metabolites,785.0,01
gobbato_sers_metabolites::Creat::02,creatinine,creatinine,sers,gobbato_sers_metabolites,785.0,02
gobbato_sers_metabolites::Creat::03,creatinine,creatinine,sers,gobbato_sers_metabolites,785.0,03
gobbato_sers_metabolites::Creat::04,creatinine,creatinine,sers,gobbato_sers_metabolites,785.0,04
gobbato_sers_metabolites::Creat::05,creatinine,creatinine,sers,gobbato_sers_metabolites,785.0,05
gobbato_sers_metabolites::Cys::01,cysteine,cysteine,sers,gobbato_sers_metabolites,785.0,01
gobbato_sers_metabolites::Cys::02,cysteine,cysteine,sers,gobbato_sers_metabolites,785.0,02
gobbato_sers_metabolites::Cys::03,cysteine,cysteine,sers,gobbato_sers_metabolites,785.0,03
gobbato_sers_metabolites::Cys::04,cysteine,cysteine,sers,gobbato_sers_metabolites,785.0,04
gobbato_sers_metabolites::Cys::05,cysteine,cysteine,sers,gobbato_sers_metabolites,785.0,05
gobbato_sers_metabolites::DNA::01,dna,dna,sers,gobbato_sers_metabolites,785.0,01
gobbato_sers_metabolites::DNA::02,dna,dna,sers,gobbato_sers_metabolites,785.0,02
gobbato_sers_metabolites::DNA::03,dna,dna,sers,gobbato_sers_metabolites,785.0,03
gobbato_sers_metabolites::DNA::04,dna,dna,sers,gobbato_sers_metabolites,785.0,04
gobbato_sers_metabolites::DNA::05,dna,dna,sers,gobbato_sers_metabolites,785.0,05
gobbato_sers_metabolites::Dfruct6P::01,fructose-6-phosphate,fructose-6-phosphate,sers,gobbato_sers_metabolites,785.0,01
gobbato_sers_metabolites::Dfruct6P::02,fructose-6-phosphate,fructose-6-phosphate,sers,gobbato_sers_metabolites,785.0,02
gobbato_sers_metabolites::Dfruct6P::03,fructose-6-phosphate,fructose-6-phosphate,sers,gobbato_sers_metabolites,785.0,03
gobbato_sers_metabolites::Dfruct6P::04,fructose-6-phosphate,fructose-6-phosphate,sers,gobbato_sers_metabolites,785.0,04
gobbato_sers_metabolites::Dfruct6P::05,fructose-6-phosphate,fructose-6-phosphate,sers,gobbato_sers_metabolites,785.0,05
gobbato_sers_metabolites::Ergo::01,ergothioneine,ergothioneine,sers,gobbato_sers_metabolites,785.0,01
gobbato_sers_metabolites::Ergo::02,ergothioneine,ergothioneine,sers,gobbato_sers_metabolites,785.0,02
gobbato_sers_metabolites::Ergo::03,ergothioneine,ergothioneine,sers,gobbato_sers_metabolites,785.0,03
gobbato_sers_metabolites::Ergo::04,ergothioneine,ergothioneine,sers,gobbato_sers_metabolites,785.0,04
gobbato_sers_metabolites::Ergo::05,ergothioneine,ergothioneine,sers,gobbato_sers_metabolites,785.0,05
gobbato_sers_metabolites::Fruct::01,fructose,fructose,sers,gobbato_sers_metabolites,785.0,01
gobbato_sers_metabolites::Fruct::02,fructose,fructose,sers,gobbato_sers_metabolites,785.0,02
gobbato_sers_metabolites::Fruct::03,fructose,fructose,sers,gobbato_sers_metabolites,785.0,03
gobbato_sers_metabolites::Fruct::04,fructose,fructose,sers,gobbato_sers_metabolites,785.0,04
gobbato_sers_metabolites::Fruct::05,fructose,fructose,sers,gobbato_sers_metabolites,785.0,05
gobbato_sers_metabolites::Galact::01,galactose,galactose,sers,gobbato_sers_metabolites,785.0,01
gobbato_sers_metabolites::Galact::02,galactose,galactose,sers,gobbato_sers_metabolites,785.0,02
gobbato_sers_metabolites::Galact::03,galactose,galactose,sers,gobbato_sers_metabolites,785.0,03
gobbato_sers_metabolites::Galact::04,galactose,galactose,sers,gobbato_sers_metabolites,785.0,04
gobbato_sers_metabolites::Galact::05,galactose,galactose,sers,gobbato_sers_metabolites,785.0,05
gobbato_sers_metabolites::Gluc::01,glucose,glucose,sers,gobbato_sers_metabolites,785.0,01
gobbato_sers_metabolites::Gluc::02,glucose,glucose,sers,gobbato_sers_metabolites,785.0,02
gobbato_sers_metabolites::Gluc::03,glucose,glucose,sers,gobbato_sers_metabolites,785.0,03
gobbato_sers_metabolites::Gluc::04,glucose,glucose,sers,gobbato_sers_metabolites,785.0,04
gobbato_sers_metabolites::Gluc::05,glucose,glucose,sers,gobbato_sers_metabolites,785.0,05
gobbato_sers_metabolites::Glut::01,glutathione,glutathione,sers,gobbato_sers_metabolites,785.0,01
gobbato_sers_metabolites::Glut::02,glutathione,glutathione,sers,gobbato_sers_metabolites,785.0,02
gobbato_sers_metabolites::Glut::03,glutathione,glutathione,sers,gobbato_sers_metabolites,785.0,03
gobbato_sers_metabolites::Glut::04,glutathione,glutathione,sers,gobbato_sers_metabolites,785.0,04
gobbato_sers_metabolites::Glut::05,glutathione,glutathione,sers,gobbato_sers_metabolites,785.0,05
gobbato_sers_metabolites::Glutamic::01,glutamate,glutamate,sers,gobbato_sers_metabolites,785.0,01
gobbato_sers_metabolites::Glutamic::02,glutamate,glutamate,sers,gobbato_sers_metabolites,785.0,02
gobbato_sers_metabolites::Glutamic::03,glutamate,glutamate,sers,gobbato_sers_metabolites,785.0,03
gobbato_sers_metabolites::Glutamic::04,glutamate,glutamate,sers,gobbato_sers_metabolites,785.0,04
gobbato_sers_metabolites::Glutamic::05,glutamate,glutamate,sers,gobbato_sers_metabolites,785.0,05
gobbato_sers_metabolites::Gly::01,glycine,glycine,sers,gobbato_sers_metabolites,785.0,01
gobbato_sers_metabolites::Gly::02,glycine,glycine,sers,gobbato_sers_metabolites,785.0,02
gobbato_sers_metabolites::Gly::03,glycine,glycine,sers,gobbato_sers_metabolites,785.0,03
gobbato_sers_metabolites::Gly::04,glycine,glycine,sers,gobbato_sers_metabolites,785.0,04
gobbato_sers_metabolites::Gly::05,glycine,glycine,sers,gobbato_sers_metabolites,785.0,05
gobbato_sers_metabolites::Glycerol::01,glycerol,glycerol,sers,gobbato_sers_metabolites,785.0,01
gobbato_sers_metabolites::Glycerol::02,glycerol,glycerol,sers,gobbato_sers_metabolites,785.0,02
gobbato_sers_metabolites::Glycerol::03,glycerol,glycerol,sers,gobbato_sers_metabolites,785.0,03
gobbato_sers_metabolites::Glycerol::04,glycerol,glycerol,sers,gobbato_sers_metabolites,785.0,04
gobbato_sers_metabolites::Glycerol::05,glycerol,glycerol,sers,gobbato_sers_metabolites,785.0,05
gobbato_sers_metabolites::Glycogen::01,glycogen,glycogen,sers,gobbato_sers_metabolites,785.0,01
gobbato_sers_metabolites::Glycogen::02,glycogen,glycogen,sers,gobbato_sers_metabolites,785.0,02
gobbato_sers_metabolites::Glycogen::03,glycogen,glycogen,sers,gobbato_sers_metabolites,785.0,03
gobbato_sers_metabolites::Glycogen::04,glycogen,glycogen,sers,gobbato_sers_metabolites,785.0,04
gobbato_sers_metabolites::Glycogen::05,glycogen,glycogen,sers,gobbato_sers_metabolites,785.0,05
gobbato_sers_metabolites::Gua::01,guanine,guanine,sers,gobbato_sers_metabolites,785.0,01
gobbato_sers_metabolites::Gua::02,guanine,guanine,sers,gobbato_sers_metabolites,785.0,02
gobbato_sers_metabolites::Gua::03,guanine,guanine,sers,gobbato_sers_metabolites,785.0,03
gobbato_sers_metabolites::Gua::04,guanine,guanine,sers,gobbato_sers_metabolites,785.0,04
gobbato_sers_metabolites::Gua::05,guanine,guanine,sers,gobbato_sers_metabolites,785.0,05
gobbato_sers_metabolites::His::01,histidine,histidine,sers,gobbato_sers_metabolites,785.0,01
gobbato_sers_metabolites::His::02,histidine,histidine,sers,gobbato_sers_metabolites,785.0,02
gobbato_sers_metabolites::His::03,histidine,histidine,sers,gobbato_sers_metabolites,785.0,03
gobbato_sers_metabolites::His::04,histidine,histidine,sers,gobbato_sers_metabolites,785.0,04
gobbato_sers_metabolites::His::05,histidine,histidine,sers,gobbato_sers_metabolites,785.0,05
gobbato_sers_metabolites::Hydroxypro::01,hydroxyproline,hydroxyproline,sers,gobbato_sers_metabolites,785.0,01
gobbato_sers_metabolites::Hydroxypro::02,hydroxyproline,hydroxyproline,sers,gobbato_sers_metabolites,785.0,02
gobbato_sers_metabolites::Hydroxypro::03,hydroxyproline,hydroxyproline,sers,gobbato_sers_metabolites,785.0,03
gobbato_sers_metabolites::Hydroxypro::04,hydroxyproline,hydroxyproline,sers,gobbato_sers_metabolites,785.0,04
gobbato_sers_metabolites::Hydroxypro::05,hydroxyproline,hydroxyproline,sers,gobbato_sers_metabolites,785.0,05
gobbato_sers_metabolites::Hypox::01,hypoxanthine,hypoxanthine,sers,gobbato_sers_metabolites,785.0,01
gobbato_sers_metabolites::Hypox::02,hypoxanthine,hypoxanthine,sers,gobbato_sers_metabolites,785.0,02
gobbato_sers_metabolites::Hypox::03,hypoxanthine,hypoxanthine,sers,gobbato_sers_metabolites,785.0,03
gobbato_sers_metabolites::Hypox::04,hypoxanthine,hypoxanthine,sers,gobbato_sers_metabolites,785.0,04
gobbato_sers_metabolites::Hypox::05,hypoxanthine,hypoxanthine,sers,gobbato_sers_metabolites,785.0,05
gobbato_sers_metabolites::Ile::01,isoleucine,isoleucine,sers,gobbato_sers_metabolites,785.0,01
gobbato_sers_metabolites::Ile::02,isoleucine,isoleucine,sers,gobbato_sers_metabolites,785.0,02
gobbato_sers_metabolites::Ile::03,isoleucine,isoleucine,sers,gobbato_sers_metabolites,785.0,03
gobbato_sers_metabolites::Ile::04,isoleucine,isoleucine,sers,gobbato_sers_metabolites,785.0,04
gobbato_sers_metabolites::Ile::05,isoleucine,isoleucine,sers,gobbato_sers_metabolites,785.0,05
gobbato_sers_metabolites::Lact::01,lactate,lactate,sers,gobbato_sers_metabolites,785.0,01
gobbato_sers_metabolites::Lact::02,lactate,lactate,sers,gobbato_sers_metabolites,785.0,02
gobbato_sers_metabolites::Lact::03,lactate,lactate,sers,gobbato_sers_metabolites,785.0,03
gobbato_sers_metabolites::Lact::04,lactate,lactate,sers,gobbato_sers_metabolites,785.0,04
gobbato_sers_metabolites::Lact::05,lactate,lactate,sers,gobbato_sers_metabolites,785.0,05
gobbato_sers_metabolites::Leu::01,leucine,leucine,sers,gobbato_sers_metabolites,785.0,01
gobbato_sers_metabolites::Leu::02,leucine,leucine,sers,gobbato_sers_metabolites,785.0,02
gobbato_sers_metabolites::Leu::03,leucine,leucine,sers,gobbato_sers_metabolites,785.0,03
gobbato_sers_metabolites::Leu::04,leucine,leucine,sers,gobbato_sers_metabolites,785.0,04
gobbato_sers_metabolites::Leu::05,leucine,leucine,sers,gobbato_sers_metabolites,785.0,05
gobbato_sers_metabolites::Mann::01,mannose,mannose,sers,gobbato_sers_metabolites,785.0,01
gobbato_sers_metabolites::Mann::02,mannose,mannose,sers,gobbato_sers_metabolites,785.0,02
gobbato_sers_metabolites::Mann::03,mannose,mannose,sers,gobbato_sers_metabolites,785.0,03
gobbato_sers_metabolites::Mann::04,mannose,mannose,sers,gobbato_sers_metabolites,785.0,04
gobbato_sers_metabolites::Mann::05,mannose,mannose,sers,gobbato_sers_metabolites,785.0,05
gobbato_sers_metabolites::Methio::01,methionine,methionine,sers,gobbato_sers_metabolites,785.0,01
gobbato_sers_metabolites::Methio::02,methionine,methionine,sers,gobbato_sers_metabolites,785.0,02
gobbato_sers_metabolites::Methio::03,methionine,methionine,sers,gobbato_sers_metabolites,785.0,03
gobbato_sers_metabolites::Methio::04,methionine,methionine,sers,gobbato_sers_metabolites,785.0,04
gobbato_sers_metabolites::Methio::05,methionine,methionine,sers,gobbato_sers_metabolites,785.0,05
gobbato_sers_metabolites::NacDgluc::01,n-acetylglucosamine,n-acetylglucosamine,sers,gobbato_sers_metabolites,785.0,01
gobbato_sers_metabolites::NacDgluc::02,n-acetylglucosamine,n-acetylglucosamine,sers,gobbato_sers_metabolites,785.0,02
gobbato_sers_metabolites::NacDgluc::03,n-acetylglucosamine,n-acetylglucosamine,sers,gobbato_sers_metabolites,785.0,03
gobbato_sers_metabolites::NacDgluc::04,n-acetylglucosamine,n-acetylglucosamine,sers,gobbato_sers_metabolites,785.0,04
gobbato_sers_metabolites::NacDgluc::05,n-acetylglucosamine,n-acetylglucosamine,sers,gobbato_sers_metabolites,785.0,05
gobbato_sers_metabolites::Oleic::01,oleate,oleate,sers,gobbato_sers_metabolites,785.0,01
gobbato_sers_metabolites::Oleic::02,oleate,oleate,sers,gobbato_sers_metabolites,785.0,02
gobbato_sers_metabolites::Oleic::03,oleate,oleate,sers,gobbato_sers_metabolites,785.0,03
gobbato_sers_metabolites::Oleic::04,oleate,oleate,sers,gobbato_sers_metabolites,785.0,04
gobbato_sers_metabolites::Oleic::05,oleate,oleate,sers,gobbato_sers_metabolites,785.0,05
gobbato_sers_metabolites::PEP::01,phosphoenolpyruvate,phosphoenolpyruvate,sers,gobbato_sers_metabolites,785.0,01
gobbato_sers_metabolites::PEP::02,phosphoenolpyruvate,phosphoenolpyruvate,sers,gobbato_sers_metabolites,785.0,02
gobbato_sers_metabolites::PEP::03,phosphoenolpyruvate,phosphoenolpyruvate,sers,gobbato_sers_metabolites,785.0,03
gobbato_sers_metabolites::PEP::04,phosphoenolpyruvate,phosphoenolpyruvate,sers,gobbato_sers_metabolites,785.0,04
gobbato_sers_metabolites::PEP::05,phosphoenolpyruvate,phosphoenolpyruvate,sers,gobbato_sers_metabolites,785.0,05
gobbato_sers_metabolites::PhInositol::01,phosphatidylinositol,phosphatidylinositol,sers,gobbato_sers_metabolites,785.0,01
gobbato_sers_metabolites::PhInositol::02,phosphatidylinositol,phosphatidylinositol,sers,gobbato_sers_metabolites,785.0,02
gobbato_sers_metabolites::PhInositol::03,phosphatidylinositol,phosphatidylinositol,sers,gobbato_sers_metabolites,785.0,03
gobbato_sers_metabolites::PhInositol::04,phosphatidylinositol,phosphatidylinositol,sers,gobbato_sers_metabolites,785.0,04
gobbato_sers_metabolites::PhInositol::05,phosphatidylinositol,phosphatidylinositol,sers,gobbato_sers_metabolites,785.0,05
gobbato_sers_metabolites::Phe::01,phenylalanine,phenylalanine,sers,gobbato_sers_metabolites,785.0,01
gobbato_sers_metabolites::Phe::02,phenylalanine,phenylalanine,sers,gobbato_sers_metabolites,785.0,02
gobbato_sers_metabolites::Phe::03,phenylalanine,phenylalanine,sers,gobbato_sers_metabolites,785.0,03
gobbato_sers_metabolites::Phe::04,phenylalanine,phenylalanine,sers,gobbato_sers_metabolites,785.0,04
gobbato_sers_metabolites::Phe::05,phenylalanine,phenylalanine,sers,gobbato_sers_metabolites,785.0,05
gobbato_sers_metabolites::Phosph::01,phosphate,phosphate,sers,gobbato_sers_metabolites,785.0,01
gobbato_sers_metabolites::Phosph::02,phosphate,phosphate,sers,gobbato_sers_metabolites,785.0,02
gobbato_sers_metabolites::Phosph::03,phosphate,phosphate,sers,gobbato_sers_metabolites,785.0,03
gobbato_sers_metabolites::Phosph::04,phosphate,phosphate,sers,gobbato_sers_metabolites,785.0,04
gobbato_sers_metabolites::Phosph::05,phosphate,phosphate,sers,gobbato_sers_metabolites,785.0,05
gobbato_sers_metabolites::Pro::01,proline,proline,sers,gobbato_sers_metabolites,785.0,01
gobbato_sers_metabolites::Pro::02,proline,proline,sers,gobbato_sers_metabolites,785.0,02
gobbato_sers_metabolites::Pro::03,proline,proline,sers,gobbato_sers_metabolites,785.0,03
gobbato_sers_metabolites::Pro::04,proline,proline,sers,gobbato_sers_metabolites,785.0,04
gobbato_sers_metabolites::Pro::05,proline,proline,sers,gobbato_sers_metabolites,785.0,05
gobbato_sers_metabolites::Pyr::01,pyruvate,pyruvate,sers,gobbato_sers_metabolites,785.0,01
gobbato_sers_metabolites::Pyr::02,pyruvate,pyruvate,sers,gobbato_sers_metabolites,785.0,02
gobbato_sers_metabolites::Pyr::03,pyruvate,pyruvate,sers,gobbato_sers_metabolites,785.0,03
gobbato_sers_metabolites::Pyr::04,pyruvate,pyruvate,sers,gobbato_sers_metabolites,785.0,04
gobbato_sers_metabolites::Pyr::05,pyruvate,pyruvate,sers,gobbato_sers_metabolites,785.0,05
gobbato_sers_metabolites::RNA::01,rna,rna,sers,gobbato_sers_metabolites,785.0,01
gobbato_sers_metabolites::RNA::02,rna,rna,sers,gobbato_sers_metabolites,785.0,02
gobbato_sers_metabolites::RNA::03,rna,rna,sers,gobbato_sers_metabolites,785.0,03
gobbato_sers_metabolites::RNA::04,rna,rna,sers,gobbato_sers_metabolites,785.0,04
gobbato_sers_metabolites::RNA::05,rna,rna,sers,gobbato_sers_metabolites,785.0,05
gobbato_sers_metabolites::Ribo::01,riboflavin,riboflavin,sers,gobbato_sers_metabolites,785.0,01
gobbato_sers_metabolites::Ribo::02,riboflavin,riboflavin,sers,gobbato_sers_metabolites,785.0,02
gobbato_sers_metabolites::Ribo::03,riboflavin,riboflavin,sers,gobbato_sers_metabolites,785.0,03
gobbato_sers_metabolites::Ribo::04,riboflavin,riboflavin,sers,gobbato_sers_metabolites,785.0,04
gobbato_sers_metabolites::Ribo::05,riboflavin,riboflavin,sers,gobbato_sers_metabolites,785.0,05
gobbato_sers_metabolites::Ser::01,serine,serine,sers,gobbato_sers_metabolites,785.0,01
gobbato_sers_metabolites::Ser::02,serine,serine,sers,gobbato_sers_metabolites,785.0,02
gobbato_sers_metabolites::Ser::03,serine,serine,sers,gobbato_sers_metabolites,785.0,03
gobbato_sers_metabolites::Ser::04,serine,serine,sers,gobbato_sers_metabolites,785.0,04
gobbato_sers_metabolites::Ser::05,serine,serine,sers,gobbato_sers_metabolites,785.0,05
gobbato_sers_metabolites::Stearic::01,stearate,stearate,sers,gobbato_sers_metabolites,785.0,01
gobbato_sers_metabolites::Stearic::02,stearate,stearate,sers,gobbato_sers_metabolites,785.0,02
gobbato_sers_metabolites::Stearic::03,stearate,stearate,sers,gobbato_sers_metabolites,785.0,03
gobbato_sers_metabolites::Stearic::04,stearate,stearate,sers,gobbato_sers_metabolites,785.0,04
gobbato_sers_metabolites::Stearic::05,stearate,stearate,sers,gobbato_sers_metabolites,785.0,05
gobbato_sers_metabolites::Thy::01,thymine,thymine,sers,gobbato_sers_metabolites,785.0,01
gobbato_sers_metabolites::Thy::02,thymine,thymine,sers,gobbato_sers_metabolites,785.0,02
gobbato_sers_metabolites::Thy::03,thymine,thymine,sers,gobbato_sers_metabolites,785.0,03
gobbato_sers_metabolites::Thy::04,thymine,thymine,sers,gobbato_sers_metabolites,785.0,04
gobbato_sers_metabolites::Thy::05,thymine,thymine,sers,gobbato_sers_metabolites,785.0,05
gobbato_sers_metabolites::Triolein::01,triolein,triolein,sers,gobbato_sers_metabolites,785.0,01
gobbato_sers_metabolites::Triolein::02,triolein,triolein,sers,gobbato_sers_metabolites,785.0,02
gobbato_sers_metabolites::Triolein::03,triolein,triolein,sers,gobbato_sers_metabolites,785.0,03
gobbato_sers_metabolites::Triolein::04,triolein,triolein,sers,gobbato_sers_metabolites,785.0,04
gobbato_sers_metabolites::Triolein::05,triolein,triolein,sers,gobbato_sers_metabolites,785.0,05
gobbato_sers_metabolites::Trp::01,tryptophan,tryptophan,sers,gobbato_sers_metabolites,785.0,01
gobbato_sers_metabolites::Trp::02,tryptophan,tryptophan,sers,gobbato_sers_metabolites,785.0,02
gobbato_sers_metabolites::Trp::03,tryptophan,tryptophan,sers,gobbato_sers_metabolites,785.0,03
gobbato_sers_metabolites::Trp::04,tryptophan,tryptophan,sers,gobbato_sers_metabolites,785.0,04
gobbato_sers_metabolites::Trp::05,tryptophan,tryptophan,sers,gobbato_sers_metabolites,785.0,05
gobbato_sers_metabolites::Tyr::01,tyrosine,tyrosine,sers,gobbato_sers_metabolites,785.0,01
gobbato_sers_metabolites::Tyr::02,tyrosine,tyrosine,sers,gobbato_sers_metabolites,785.0,02
gobbato_sers_metabolites::Tyr::03,tyrosine,tyrosine,sers,gobbato_sers_metabolites,785.0,03
gobbato_sers_metabolites::Tyr::04,tyrosine,tyrosine,sers,gobbato_sers_metabolites,785.0,04
gobbato_sers_metabolites::Tyr::05,tyrosine,tyrosine,sers,gobbato_sers_metabolites,785.0,05
gobbato_sers_metabolites::UA::01,urate,urate,sers,gobbato_sers_metabolites,785.0,01
gobbato_sers_metabolites::UA::02,urate,urate,sers,gobbato_sers_metabolites,785.0,02
gobbato_sers_metabolites::UA::03,urate,urate,sers,gobbato_sers_metabolites,785.0,03
gobbato_sers_metabolites::UA::04,urate,urate,sers,gobbato_sers_metabolites,785.0,04
gobbato_sers_metabolites::UA::05,urate,urate,sers,gobbato_sers_metabolites,785.0,05
gobbato_sers_metabolites::Ura::01,uracil,uracil,sers,gobbato_sers_metabolites,785.0,01
gobbato_sers_metabolites::Ura::02,uracil,uracil,sers,gobbato_sers_metabolites,785.0,02
gobbato_sers_metabolites::Ura::03,uracil,uracil,sers,gobbato_sers_metabolites,785.0,03
gobbato_sers_metabolites::Ura::04,uracil,uracil,sers,gobbato_sers_metabolites,785.0,04
gobbato_sers_metabolites::Ura::05,uracil,uracil,sers,gobbato_sers_metabolites,785.0,05
gobbato_sers_metabolites::Urea::01,urea,urea,sers,gobbato_sers_metabolites,785.0,01
gobbato_sers_metabolites::Urea::02,urea,urea,sers,gobbato_sers_metabolites,785.0,02
gobbato_sers_metabolites::Urea::03,urea,urea,sers,gobbato_sers_metabolites,785.0,03
gobbato_sers_metabolites::Urea::04,urea,urea,sers,gobbato_sers_metabolites,785.0,04
gobbato_sers_metabolites::Urea::05,urea,urea,sers,gobbato_sers_metabolites,785.0,05
gobbato_sers_metabolites::Val::01,valine,valine,sers,gobbato_sers_metabolites,785.0,01
gobbato_sers_metabolites::Val::02,valine,valine,sers,gobbato_sers_metabolites,785.0,02
gobbato_sers_metabolites::Val::03,valine,valine,sers,gobbato_sers_metabolites,785.0,03
gobbato_sers_metabolites::Val::04,valine,valine,sers,gobbato_sers_metabolites,785.0,04
gobbato_sers_metabolites::Val::05,valine,valine,sers,gobbato_sers_metabolites,785.0,05
gobbato_sers_metabolites::Xanth::01,xanthine,xanthine,sers,gobbato_sers_metabolites,785.0,01
gobbato_sers_metabolites::Xanth::02,xanthine,xanthine,sers,gobbato_sers_metabolites,785.0,02
gobbato_sers_metabolites::Xanth::03,xanthine,xanthine,sers,gobbato_sers_metabolites,785.0,03
gobbato_sers_metabolites::Xanth::04,xanthine,xanthine,sers,gobbato_sers_metabolites,785.0,04
gobbato_sers_metabolites::Xanth::05,xanthine,xanthine,sers,gobbato_sers_metabolites,785.0,05
gobbato_raman_metabolites::AcCoA::01,acetyl-coa,acetyl-coa,raman,gobbato_raman_metabolites,785.0,01
gobbato_raman_metabolites::AcCoA::02,acetyl-coa,acetyl-coa,raman,gobbato_raman_metabolites,785.0,02
gobbato_raman_metabolites::AcCoA::03,acetyl-coa,acetyl-coa,raman,gobbato_raman_metabolites,785.0,03
gobbato_raman_metabolites::Acetoacet::01,acetoacetate,acetoacetate,raman,gobbato_raman_metabolites,785.0,01
gobbato_raman_metabolites::Acetoacet::02,acetoacetate,acetoacetate,raman,gobbato_raman_metabolites,785.0,02
gobbato_raman_metabolites::Acetoacet::03,acetoacetate,acetoacetate,raman,gobbato_raman_metabolites,785.0,03
gobbato_raman_metabolites::Ade::01,adenine,adenine,raman,gobbato_raman_metabolites,785.0,01
gobbato_raman_metabolites::Ade::02,adenine,adenine,raman,gobbato_raman_metabolites,785.0,02
gobbato_raman_metabolites::Ade::03,adenine,adenine,raman,gobbato_raman_metabolites,785.0,03
gobbato_raman_metabolites::Ala::01,alanine,alanine,raman,gobbato_raman_metabolites,785.0,01
gobbato_raman_metabolites::Ala::02,alanine,alanine,raman,gobbato_raman_metabolites,785.0,02
gobbato_raman_metabolites::Ala::03,alanine,alanine,raman,gobbato_raman_metabolites,785.0,03
gobbato_raman_metabolites::Alb::01,albumin,albumin,raman,gobbato_raman_metabolites,785.0,01
gobbato_raman_metabolites::Alb::02,albumin,albumin,raman,gobbato_raman_metabolites,785.0,02
gobbato_raman_metabolites::Alb::03,albumin,albumin,raman,gobbato_raman_metabolites,785.0,03
gobbato_raman_metabolites::Arg::01,arginine,arginine,raman,gobbato_raman_metabolites,785.0,01
gobbato_raman_metabolites::Arg::02,arginine,arginine,raman,gobbato_raman_metabolites,785.0,02
gobbato_raman_metabolites::Arg::03,arginine,arginine,raman,gobbato_raman_metabolites,785.0,03
gobbato_raman_metabolites::Asc::01,ascorbate,ascorbate,raman,gobbato_raman_metabolites,785.0,01
gobbato_raman_metabolites::Asc::02,ascorbate,ascorbate,raman,gobbato_raman_metabolites,785.0,02
gobbato_raman_metabolites::Asc::03,ascorbate,ascorbate,raman,gobbato_raman_metabolites,785.0,03
gobbato_raman_metabolites::Chol::01,cholesterol,cholesterol,raman,gobbato_raman_metabolites,785.0,01
gobbato_raman_metabolites::Chol::02,cholesterol,cholesterol,raman,gobbato_raman_metabolites,785.0,02
gobbato_raman_metabolites::Chol::03,cholesterol,cholesterol,raman,gobbato_raman_metabolites,785.0,03
gobbato_raman_metabolites::Citric::01,citrate,citrate,raman,gobbato_raman_metabolites,785.0,01
gobbato_raman_metabolites::Citric::02,citrate,citrate,raman,gobbato_raman_metabolites,785.0,02
gobbato_raman_metabolites::Citric::03,citrate,citrate,raman,gobbato_raman_metabolites,785.0,03
gobbato_raman_metabolites::CoA::01,coenzyme a,coenzyme a,raman,gobbato_raman_metabolites,785.0,01
gobbato_raman_metabolites::CoA::02,coenzyme a,coenzyme a,raman,gobbato_raman_metabolites,785.0,02
gobbato_raman_metabolites::CoA::03,coenzyme a,coenzyme a,raman,gobbato_raman_metabolites,785.0,03
gobbato_raman_metabolites::Creat::01,creatinine,creatinine,raman,gobbato_raman_metabolites,785.0,01
gobbato_raman_metabolites::Creat::02,creatinine,creatinine,raman,gobbato_raman_metabolites,785.0,02
gobbato_raman_metabolites::Creat::03,creatinine,creatinine,raman,gobbato_raman_metabolites,785.0,03
gobbato_raman_metabolites::Cys::01,cysteine,cysteine,raman,gobbato_raman_metabolites,785.0,01
gobbato_raman_metabolites::Cys::02,cysteine,cysteine,raman,gobbato_raman_metabolites,785.0,02
gobbato_raman_metabolites::Cys::03,cysteine,cysteine,raman,gobbato_raman_metabolites,785.0,03
gobbato_raman_metabolites::Dfruct6P::01,fructose-6-phosphate,fructose-6-phosphate,raman,gobbato_raman_metabolites,785.0,01
gobbato_raman_metabolites::Dfruct6P::02,fructose-6-phosphate,fructose-6-phosphate,raman,gobbato_raman_metabolites,785.0,02
gobbato_raman_metabolites::Dfruct6P::03,fructose-6-phosphate,fructose-6-phosphate,raman,gobbato_raman_metabolites,785.0,03
gobbato_raman_metabolites::Ergo::01,ergothioneine,ergothioneine,raman,gobbato_raman_metabolites,785.0,01
gobbato_raman_metabolites::Ergo::02,ergothioneine,ergothioneine,raman,gobbato_raman_metabolites,785.0,02
gobbato_raman_metabolites::Ergo::03,ergothioneine,ergothioneine,raman,gobbato_raman_metabolites,785.0,03
gobbato_raman_metabolites::Fruct::01,fructose,fructose,raman,gobbato_raman_metabolites,785.0,01
gobbato_raman_metabolites::Fruct::02,fructose,fructose,raman,gobbato_raman_metabolites,785.0,02
gobbato_raman_metabolites::Fruct::03,fructose,fructose,raman,gobbato_raman_metabolites,785.0,03
gobbato_raman_metabolites::Galact::01,galactose,galactose,raman,gobbato_raman_metabolites,785.0,01
gobbato_raman_metabolites::Galact::02,galactose,galactose,raman,gobbato_raman_metabolites,785.0,02
gobbato_raman_metabolites::Galact::03,galactose,galactose,raman,gobbato_raman_metabolites,785.0,03
gobbato_raman_metabolites::Gluc::01,glucose,glucose,raman,gobbato_raman_metabolites,785.0,01
gobbato_raman_metabolites::Gluc::02,glucose,glucose,raman,gobbato_raman_metabolites,785.0,02
gobbato_raman_metabolites::Gluc::03,glucose,glucose,raman,gobbato_raman_metabolites,785.0,03
gobbato_raman_metabolites::Glut::01,glutathione,glutathione,raman,gobbato_raman_metabolites,785.0,01
gobbato_raman_metabolites::Glut::02,glutathione,glutathione,raman,gobbato_raman_metabolites,785.0,02
gobbato_raman_metabolites::Glut::03,glutathione,glutathione,raman,gobbato_raman_metabolites,785.0,03
gobbato_raman_metabolites::Glutamic::01,glutamate,glutamate,raman,gobbato_raman_metabolites,785.0,01
gobbato_raman_metabolites::Glutamic::02,glutamate,glutamate,raman,gobbato_raman_metabolites,785.0,02
gobbato_raman_metabolites::Glutamic::03,glutamate,glutamate,raman,gobbato_raman_metabolites,785.0,03
gobbato_raman_metabolites::Gly::01,glycine,glycine,raman,gobbato_raman_metabolites,785.0,01
gobbato_raman_metabolites::Gly::02,glycine,glycine,raman,gobbato_raman_metabolites,785.0,02
gobbato_raman_metabolites::Gly::03,glycine,glycine,raman,gobbato_raman_metabolites,785.0,03
gobbato_raman_metabolites::Glycerol::01,glycerol,glycerol,raman,gobbato_raman_metabolites,785.0,01
gobbato_raman_metabolites::Glycerol::02,glycerol,glycerol,raman,gobbato_raman_metabolites,785.0,02
gobbato_raman_metabolites::Glycerol::03,glycerol,glycerol,raman,gobbato_raman_metabolites,785.0,03
gobbato_raman_metabolites::Glycogen::01,glycogen,glycogen,raman,gobbato_raman_metabolites,785.0,01
gobbato_raman_metabolites::Glycogen::02,glycogen,glycogen,raman,gobbato_raman_metabolites,785.0,02
gobbato_raman_metabolites::Glycogen::03,glycogen,glycogen,raman,gobbato_raman_metabolites,785.0,03
gobbato_raman_metabolites::Gua::01,guanine,guanine,raman,gobbato_raman_metabolites,785.0,01
gobbato_raman_metabolites::Gua::02,guanine,guanine,raman,gobbato_raman_metabolites,785.0,02
gobbato_raman_metabolites::Gua::03,guanine,guanine,raman,gobbato_raman_metabolites,785.0,03
gobbato_raman_metabolites::His::01,histidine,histidine,raman,gobbato_raman_metabolites,785.0,01
gobbato_raman_metabolites::His::02,histidine,histidine,raman,gobbato_raman_metabolites,785.0,02
gobbato_raman_metabolites::His::03,histidine,histidine,raman,gobbato_raman_metabolites,785.0,03
gobbato_raman_metabolites::Hydroxypro::01,hydroxyproline,hydroxyproline,raman,gobbato_raman_metabolites,785.0,01
gobbato_raman_metabolites::Hydroxypro::02,hydroxyproline,hydroxyproline,raman,gobbato_raman_metabolites,785.0,02
gobbato_raman_metabolites::Hydroxypro::03,hydroxyproline,hydroxyproline,raman,gobbato_raman_metabolites,785.0,03
gobbato_raman_metabolites::Hypox::01,hypoxanthine,hypoxanthine,raman,gobbato_raman_metabolites,785.0,01
gobbato_raman_metabolites::Hypox::02,hypoxanthine,hypoxanthine,raman,gobbato_raman_metabolites,785.0,02
gobbato_raman_metabolites::Hypox::03,hypoxanthine,hypoxanthine,raman,gobbato_raman_metabolites,785.0,03
gobbato_raman_metabolites::Ile::01,isoleucine,isoleucine,raman,gobbato_raman_metabolites,785.0,01
gobbato_raman_metabolites::Ile::02,isoleucine,isoleucine,raman,gobbato_raman_metabolites,785.0,02
gobbato_raman_metabolites::Ile::03,isoleucine,isoleucine,raman,gobbato_raman_metabolites,785.0,03
gobbato_raman_metabolites::Lact::01,lactate,lactate,raman,gobbato_raman_metabolites,785.0,01
gobbato_raman_metabolites::Lact::02,lactate,lactate,raman,gobbato_raman_metabolites,785.0,02
gobbato_raman_metabolites::Lact::03,lactate,lactate,raman,gobbato_raman_metabolites,785.0,03
gobbato_raman_metabolites::Leu::01,leucine,leucine,raman,gobbato_raman_metabolites,785.0,01
gobbato_raman_metabolites::Leu::02,leucine,leucine,raman,gobbato_raman_metabolites,785.0,02
gobbato_raman_metabolites::Leu::03,leucine,leucine,raman,gobbato_raman_metabolites,785.0,03
gobbato_raman_metabolites::Mann::01,mannose,mannose,raman,gobbato_raman_metabolites,785.0,01
gobbato_raman_metabolites::Mann::02,mannose,mannose,raman,gobbato_raman_metabolites,785.0,02
gobbato_raman_metabolites::Mann::03,mannose,mannose,raman,gobbato_raman_metabolites,785.0,03
gobbato_raman_metabolites::Methio::01,methionine,methionine,raman,gobbato_raman_metabolites,785.0,01
gobbato_raman_metabolites::Methio::02,methionine,methionine,raman,gobbato_raman_metabolites,785.0,02
gobbato_raman_metabolites::Methio::03,methionine,methionine,raman,gobbato_raman_metabolites,785.0,03
gobbato_raman_metabolites::NacDgluc::01,n-acetylglucosamine,n-acetylglucosamine,raman,gobbato_raman_metabolites,785.0,01
gobbato_raman_metabolites::NacDgluc::02,n-acetylglucosamine,n-acetylglucosamine,raman,gobbato_raman_metabolites,785.0,02
gobbato_raman_metabolites::NacDgluc::03,n-acetylglucosamine,n-acetylglucosamine,raman,gobbato_raman_metabolites,785.0,03
gobbato_raman_metabolites::Oleic::01,oleate,oleate,raman,gobbato_raman_metabolites,785.0,01
gobbato_raman_metabolites::Oleic::02,oleate,oleate,raman,gobbato_raman_metabolites,785.0,02
gobbato_raman_metabolites::Oleic::03,oleate,oleate,raman,gobbato_raman_metabolites,785.0,03
gobbato_raman_metabolites::PEP::01,phosphoenolpyruvate,phosphoenolpyruvate,raman,gobbato_raman_metabolites,785.0,01
gobbato_raman_metabolites::PEP::02,phosphoenolpyruvate,phosphoenolpyruvate,raman,gobbato_raman_metabolites,785.0,02
gobbato_raman_metabolites::PEP::03,phosphoenolpyruvate,phosphoenolpyruvate,raman,gobbato_raman_metabolites,785.0,03
gobbato_raman_metabolites::PhInositol::01,phosphatidylinositol,phosphatidylinositol,raman,gobbato_raman_metabolites,785.0,01
gobbato_raman_metabolites::PhInositol::02,phosphatidylinositol,phosphatidylinositol,raman,gobbato_raman_metabolites,785.0,02
gobbato_raman_metabolites::PhInositol::03,phosphatidylinositol,phosphatidylinositol,raman,gobbato_raman_metabolites,785.0,03
gobbato_raman_metabolites::Phe::01,phenylalanine,phenylalanine,raman,gobbato_raman_metabolites,785.0,01
gobbato_raman_metabolites::Phe::02,phenylalanine,phenylalanine,raman,gobbato_raman_metabolites,785.0,02
gobbato_raman_metabolites::Phe::03,phenylalanine,phenylalanine,raman,gobbato_raman_metabolites,785.0,03
gobbato_raman_metabolites::Phosph::01,phosphate,phosphate,raman,gobbato_raman_metabolites,785.0,01
gobbato_raman_metabolites::Phosph::02,phosphate,phosphate,raman,gobbato_raman_metabolites,785.0,02
gobbato_raman_metabolites::Phosph::03,phosphate,phosphate,raman,gobbato_raman_metabolites,785.0,03
gobbato_raman_metabolites::Pro::01,proline,proline,raman,gobbato_raman_metabolites,785.0,01
gobbato_raman_metabolites::Pro::02,proline,proline,raman,gobbato_raman_metabolites,785.0,02
gobbato_raman_metabolites::Pro::03,proline,proline,raman,gobbato_raman_metabolites,785.0,03
gobbato_raman_metabolites::Pyr::01,pyruvate,pyruvate,raman,gobbato_raman_metabolites,785.0,01
gobbato_raman_metabolites::Pyr::02,pyruvate,pyruvate,raman,gobbato_raman_metabolites,785.0,02
gobbato_raman_metabolites::Pyr::03,pyruvate,pyruvate,raman,gobbato_raman_metabolites,785.0,03
gobbato_raman_metabolites::Ribo::01,riboflavin,riboflavin,raman,gobbato_raman_metabolites,785.0,01
gobbato_raman_metabolites::Ribo::02,riboflavin,riboflavin,raman,gobbato_raman_metabolites,785.0,02
gobbato_raman_metabolites::Ribo::03,riboflavin,riboflavin,raman,gobbato_raman_metabolites,785.0,03
gobbato_raman_metabolites::Ser::01,serine,serine,raman,gobbato_raman_metabolites,785.0,01
gobbato_raman_metabolites::Ser::02,serine,serine,raman,gobbato_raman_metabolites,785.0,02
gobbato_raman_metabolites::Ser::03,serine,serine,raman,gobbato_raman_metabolites,785.0,03
gobbato_raman_metabolites::Stearic::01,stearate,stearate,raman,gobbato_raman_metabolites,785.0,01
gobbato_raman_metabolites::Stearic::02,stearate,stearate,raman,gobbato_raman_metabolites,785.0,02
gobbato_raman_metabolites::Stearic::03,stearate,stearate,raman,gobbato_raman_metabolites,785.0,03
gobbato_raman_metabolites::Thy::01,thymine,thymine,raman,gobbato_raman_metabolites,785.0,01
gobbato_raman_metabolites::Thy::02,thymine,thymine,raman,gobbato_raman_metabolites,785.0,02
gobbato_raman_metabolites::Thy::03,thymine,thymine,raman,gobbato_raman_metabolites,785.0,03
gobbato_raman_metabolites::Triolein::01,triolein,triolein,raman,gobbato_raman_metabolites,785.0,01
gobbato_raman_metabolites::Triolein::02,triolein,triolein,raman,gobbato_raman_metabolites,785.0,02
gobbato_raman_metabolites::Triolein::03,triolein,triolein,raman,gobbato_raman_metabolites,785.0,03
gobbato_raman_metabolites::Trp::01,tryptophan,tryptophan,raman,gobbato_raman_metabolites,785.0,01
gobbato_raman_metabolites::Trp::02,tryptophan,tryptophan,raman,gobbato_raman_metabolites,785.0,02
gobbato_raman_metabolites::Trp::03,tryptophan,tryptophan,raman,gobbato_raman_metabolites,785.0,03
gobbato_raman_metabolites::Tyr::01,tyrosine,tyrosine,raman,gobbato_raman_metabolites,785.0,01
gobbato_raman_metabolites::Tyr::02,tyrosine,tyrosine,raman,gobbato_raman_metabolites,785.0,02
gobbato_raman_metabolites::Tyr::03,tyrosine,tyrosine,raman,gobbato_raman_metabolites,785.0,03
gobbato_raman_metabolites::UA::01,urate,urate,raman,gobbato_raman_metabolites,785.0,01
gobbato_raman_metabolites::UA::02,urate,urate,raman,gobbato_raman_metabolites,785.0,02
gobbato_raman_metabolites::UA::03,urate,urate,raman,gobbato_raman_metabolites,785.0,03
gobbato_raman_metabolites::Ura::01,uracil,uracil,raman,gobbato_raman_metabolites,785.0,01
gobbato_raman_metabolites::Ura::02,uracil,uracil,raman,gobbato_raman_metabolites,785.0,02
gobbato_raman_metabolites::Ura::03,uracil,uracil,raman,gobbato_raman_metabolites,785.0,03
gobbato_raman_metabolites::Urea::01,urea,urea,raman,gobbato_raman_metabolites,785.0,01
gobbato_raman_metabolites::Urea::02,urea,urea,raman,gobbato_raman_metabolites,785.0,02
gobbato_raman_metabolites::Urea::03,urea,urea,raman,gobbato_raman_metabolites,785.0,03
gobbato_raman_metabolites::Val::01,valine,valine,raman,gobbato_raman_metabolites,785.0,01
gobbato_raman_metabolites::Val::02,valine,valine,raman,gobbato_raman_metabolites,785.0,02
gobbato_raman_metabolites::Val::03,valine,valine,raman,gobbato_raman_metabolites,785.0,03
gobbato_raman_metabolites::Xanth::01,xanthine,xanthine,raman,gobbato_raman_metabolites,785.0,01
gobbato_raman_metabolites::Xanth::02,xanthine,xanthine,raman,gobbato_raman_metabolites,785.0,02
gobbato_raman_metabolites::Xanth::03,xanthine,xanthine,raman,gobbato_raman_metabolites,785.0,03
