archive_file,source_label,modality,included_in_v7_raman,exclusion_reason
SERS_met_AcCoA_100uM_01.txt,AcCoA,ag_sers,False,Ag colloid SERS — excluded by modality
SERS_met_AcCoA_100uM_02.txt,AcCoA,ag_sers,False,Ag colloid SERS — excluded by modality
SERS_met_AcCoA_100uM_03.txt,AcCoA,ag_sers,False,Ag colloid SERS — excluded by modality
SERS_met_AcCoA_100uM_04.txt,AcCoA,ag_sers,False,Ag colloid SERS — excluded by modality
SERS_met_AcCoA_100uM_05.txt,AcCoA,ag_sers,False,Ag colloid SERS — excluded by modality
SERS_met_Acetoacet_100uM_01.txt,Acetoacet,ag_sers,False,Ag colloid SERS — excluded by modality
SERS_met_Acetoacet_100uM_02.txt,Acetoacet,ag_sers,False,Ag colloid SERS — excluded by modality
SERS_met_Acetoacet_100uM_03.txt,Acetoacet,ag_sers,False,Ag colloid SERS — excluded by modality
SERS_met_Acetoacet_100uM_04.txt,Acetoacet,ag_sers,False,Ag colloid SERS — excluded by modality
SERS_met_Acetoacet_100uM_05.txt,Acetoacet,ag_sers,False,Ag colloid SERS — excluded by modality
SERS_met_Ade_0.3uM_01.txt,Ade,ag_sers,False,Ag colloid SERS — excluded by modality
SERS_met_Ade_0.3uM_02.txt,Ade,ag_sers,False,Ag colloid SERS — excluded by modality
SERS_met_Ade_0.3uM_03.txt,Ade,ag_sers,False,Ag colloid SERS — excluded by modality
SERS_met_Ade_0.3uM_04.txt,Ade,ag_sers,False,Ag colloid SERS — excluded by modality
SERS_met_Ade_0.3uM_05.txt,Ade,ag_sers,False,Ag colloid SERS — excluded by modality
SERS_met_Ala_400uM_01.txt,Ala,ag_sers,False,Ag colloid SERS — excluded by modality
SERS_met_Ala_400uM_02.txt,Ala,ag_sers,False,Ag colloid SERS — excluded by modality
SERS_met_Ala_400uM_03.txt,Ala,ag_sers,False,Ag colloid SERS — excluded by modality
SERS_met_Ala_400uM_04.txt,Ala,ag_sers,False,Ag colloid SERS — excluded by modality
SERS_met_Ala_400uM_05.txt,Ala,ag_sers,False,Ag colloid SERS — excluded by modality
SERS_met_Alb_600uM_01.txt,Alb,ag_sers,False,Ag colloid SERS — excluded by modality
SERS_met_Alb_600uM_02.txt,Alb,ag_sers,False,Ag colloid SERS — excluded by modality
SERS_met_Alb_600uM_03.txt,Alb,ag_sers,False,Ag colloid SERS — excluded by modality
SERS_met_Alb_600uM_04.txt,Alb,ag_sers,False,Ag colloid SERS — excluded by modality
SERS_met_Alb_600uM_05.txt,Alb,ag_sers,False,Ag colloid SERS — excluded by modality
SERS_met_Arg_130uM_01.txt,Arg,ag_sers,False,Ag colloid SERS — excluded by modality
SERS_met_Arg_130uM_02.txt,Arg,ag_sers,False,Ag colloid SERS — excluded by modality
SERS_met_Arg_130uM_03.txt,Arg,ag_sers,False,Ag colloid SERS — excluded by modality
SERS_met_Arg_130uM_04.txt,Arg,ag_sers,False,Ag colloid SERS — excluded by modality
SERS_met_Arg_130uM_05.txt,Arg,ag_sers,False,Ag colloid SERS — excluded by modality
SERS_met_Asc_60uM_01.txt,Asc,ag_sers,False,Ag colloid SERS — excluded by modality
SERS_met_Asc_60uM_02.txt,Asc,ag_sers,False,Ag colloid SERS — excluded by modality
SERS_met_Asc_60uM_03.txt,Asc,ag_sers,False,Ag colloid SERS — excluded by modality
SERS_met_Asc_60uM_04.txt,Asc,ag_sers,False,Ag colloid SERS — excluded by modality
SERS_met_Asc_60uM_05.txt,Asc,ag_sers,False,Ag colloid SERS — excluded by modality
SERS_met_Chol_6.2mM_01.txt,Chol,ag_sers,False,Ag colloid SERS — excluded by modality
SERS_met_Chol_6.2mM_02.txt,Chol,ag_sers,False,Ag colloid SERS — excluded by modality
SERS_met_Chol_6.2mM_03.txt,Chol,ag_sers,False,Ag colloid SERS — excluded by modality
SERS_met_Chol_6.2mM_04.txt,Chol,ag_sers,False,Ag colloid SERS — excluded by modality
SERS_met_Chol_6.2mM_05.txt,Chol,ag_sers,False,Ag colloid SERS — excluded by modality
SERS_met_Citric_200uM_01.txt,Citric,ag_sers,False,Ag colloid SERS — excluded by modality
SERS_met_Citric_200uM_02.txt,Citric,ag_sers,False,Ag colloid SERS — excluded by modality
SERS_met_Citric_200uM_03.txt,Citric,ag_sers,False,Ag colloid SERS — excluded by modality
SERS_met_Citric_200uM_04.txt,Citric,ag_sers,False,Ag colloid SERS — excluded by modality
SERS_met_Citric_200uM_05.txt,Citric,ag_sers,False,Ag colloid SERS — excluded by modality
SERS_met_CoA_100uM_01.txt,CoA,ag_sers,False,Ag colloid SERS — excluded by modality
SERS_met_CoA_100uM_02.txt,CoA,ag_sers,False,Ag colloid SERS — excluded by modality
SERS_met_CoA_100uM_03.txt,CoA,ag_sers,False,Ag colloid SERS — excluded by modality
SERS_met_CoA_100uM_04.txt,CoA,ag_sers,False,Ag colloid SERS — excluded by modality
SERS_met_CoA_100uM_05.txt,CoA,ag_sers,False,Ag colloid SERS — excluded by modality
SERS_met_Creat_80uM_01.txt,Creat,ag_sers,False,Ag colloid SERS — excluded by modality
SERS_met_Creat_80uM_02.txt,Creat,ag_sers,False,Ag colloid SERS — excluded by modality
SERS_met_Creat_80uM_03.txt,Creat,ag_sers,False,Ag colloid SERS — excluded by modality
SERS_met_Creat_80uM_04.txt,Creat,ag_sers,False,Ag colloid SERS — excluded by modality
SERS_met_Creat_80uM_05.txt,Creat,ag_sers,False,Ag colloid SERS — excluded by modality
SERS_met_Cys_0.2uM_01.txt,Cys,ag_sers,False,Ag colloid SERS — excluded by modality
SERS_met_Cys_0.2uM_02.txt,Cys,ag_sers,False,Ag colloid SERS — excluded by modality
SERS_met_Cys_0.2uM_03.txt,Cys,ag_sers,False,Ag colloid SERS — excluded by modality
SERS_met_Cys_0.2uM_04.txt,Cys,ag_sers,False,Ag colloid SERS — excluded by modality
SERS_met_Cys_0.2uM_05.txt,Cys,ag_sers,False,Ag colloid SERS — excluded by modality
SERS_met_DNA_30ngmL_01.txt,DNA,ag_sers,False,Ag colloid SERS — excluded by modality
SERS_met_DNA_30ngmL_02.txt,DNA,ag_sers,False,Ag colloid SERS — excluded by modality
SERS_met_DNA_30ngmL_03.txt,DNA,ag_sers,False,Ag colloid SERS — excluded by modality
SERS_met_DNA_30ngmL_04.txt,DNA,ag_sers,False,Ag colloid SERS — excluded by modality
SERS_met_DNA_30ngmL_05.txt,DNA,ag_sers,False,Ag colloid SERS — excluded by modality
SERS_met_Dfruct6P_10uM_01.txt,Dfruct6P,ag_sers,False,Ag colloid SERS — excluded by modality
SERS_met_Dfruct6P_10uM_02.txt,Dfruct6P,ag_sers,False,Ag colloid SERS — excluded by modality
SERS_met_Dfruct6P_10uM_03.txt,Dfruct6P,ag_sers,False,Ag colloid SERS — excluded by modality
SERS_met_Dfruct6P_10uM_04.txt,Dfruct6P,ag_sers,False,Ag colloid SERS — excluded by modality
SERS_met_Dfruct6P_10uM_05.txt,Dfruct6P,ag_sers,False,Ag colloid SERS — excluded by modality
SERS_met_Ergo_5uM_01.txt,Ergo,ag_sers,False,Ag colloid SERS — excluded by modality
SERS_met_Ergo_5uM_02.txt,Ergo,ag_sers,False,Ag colloid SERS — excluded by modality
SERS_met_Ergo_5uM_03.txt,Ergo,ag_sers,False,Ag colloid SERS — excluded by modality
SERS_met_Ergo_5uM_04.txt,Ergo,ag_sers,False,Ag colloid SERS — excluded by modality
SERS_met_Ergo_5uM_05.txt,Ergo,ag_sers,False,Ag colloid SERS — excluded by modality
SERS_met_Fruct_30uM_01.txt,Fruct,ag_sers,False,Ag colloid SERS — excluded by modality
SERS_met_Fruct_30uM_02.txt,Fruct,ag_sers,False,Ag colloid SERS — excluded by modality
SERS_met_Fruct_30uM_03.txt,Fruct,ag_sers,False,Ag colloid SERS — excluded by modality
SERS_met_Fruct_30uM_04.txt,Fruct,ag_sers,False,Ag colloid SERS — excluded by modality
SERS_met_Fruct_30uM_05.txt,Fruct,ag_sers,False,Ag colloid SERS — excluded by modality
SERS_met_Galact_100uM_01.txt,Galact,ag_sers,False,Ag colloid SERS — excluded by modality
SERS_met_Galact_100uM_02.txt,Galact,ag_sers,False,Ag colloid SERS — excluded by modality
SERS_met_Galact_100uM_03.txt,Galact,ag_sers,False,Ag colloid SERS — excluded by modality
SERS_met_Galact_100uM_04.txt,Galact,ag_sers,False,Ag colloid SERS — excluded by modality
SERS_met_Galact_100uM_05.txt,Galact,ag_sers,False,Ag colloid SERS — excluded by modality
SERS_met_Gluc_5.4mM_01.txt,Gluc,ag_sers,False,Ag colloid SERS — excluded by modality
SERS_met_Gluc_5.4mM_02.txt,Gluc,ag_sers,False,Ag colloid SERS — excluded by modality
SERS_met_Gluc_5.4mM_03.txt,Gluc,ag_sers,False,Ag colloid SERS — excluded by modality
SERS_met_Gluc_5.4mM_04.txt,Gluc,ag_sers,False,Ag colloid SERS — excluded by modality
SERS_met_Gluc_5.4mM_05.txt,Gluc,ag_sers,False,Ag colloid SERS — excluded by modality
SERS_met_Glut_85uM_01.txt,Glut,ag_sers,False,Ag colloid SERS — excluded by modality
SERS_met_Glut_85uM_02.txt,Glut,ag_sers,False,Ag colloid SERS — excluded by modality
SERS_met_Glut_85uM_03.txt,Glut,ag_sers,False,Ag colloid SERS — excluded by modality
SERS_met_Glut_85uM_04.txt,Glut,ag_sers,False,Ag colloid SERS — excluded by modality
SERS_met_Glut_85uM_05.txt,Glut,ag_sers,False,Ag colloid SERS — excluded by modality
SERS_met_Glutamic_30uM_01.txt,Glutamic,ag_sers,False,Ag colloid SERS — excluded by modality
SERS_met_Glutamic_30uM_02.txt,Glutamic,ag_sers,False,Ag colloid SERS — excluded by modality
SERS_met_Glutamic_30uM_03.txt,Glutamic,ag_sers,False,Ag colloid SERS — excluded by modality
SERS_met_Glutamic_30uM_04.txt,Glutamic,ag_sers,False,Ag colloid SERS — excluded by modality
SERS_met_Glutamic_30uM_05.txt,Glutamic,ag_sers,False,Ag colloid SERS — excluded by modality
SERS_met_Gly_230uM_01.txt,Gly,ag_sers,False,Ag colloid SERS — excluded by modality
SERS_met_Gly_230uM_02.txt,Gly,ag_sers,False,Ag colloid SERS — excluded by modality
SERS_met_Gly_230uM_03.txt,Gly,ag_sers,False,Ag colloid SERS — excluded by modality
SERS_met_Gly_230uM_04.txt,Gly,ag_sers,False,Ag colloid SERS — excluded by modality
SERS_met_Gly_230uM_05.txt,Gly,ag_sers,False,Ag colloid SERS — excluded by modality
SERS_met_Glycerol_40uM_01.txt,Glycerol,ag_sers,False,Ag colloid SERS — excluded by modality
SERS_met_Glycerol_40uM_02.txt,Glycerol,ag_sers,False,Ag colloid SERS — excluded by modality
SERS_met_Glycerol_40uM_03.txt,Glycerol,ag_sers,False,Ag colloid SERS — excluded by modality
SERS_met_Glycerol_40uM_04.txt,Glycerol,ag_sers,False,Ag colloid SERS — excluded by modality
SERS_met_Glycerol_40uM_05.txt,Glycerol,ag_sers,False,Ag colloid SERS — excluded by modality
SERS_met_Glycogen_1mgmL_01.txt,Glycogen,ag_sers,False,Ag colloid SERS — excluded by modality
SERS_met_Glycogen_1mgmL_02.txt,Glycogen,ag_sers,False,Ag colloid SERS — excluded by modality
SERS_met_Glycogen_1mgmL_03.txt,Glycogen,ag_sers,False,Ag colloid SERS — excluded by modality
SERS_met_Glycogen_1mgmL_04.txt,Glycogen,ag_sers,False,Ag colloid SERS — excluded by modality
SERS_met_Glycogen_1mgmL_05.txt,Glycogen,ag_sers,False,Ag colloid SERS — excluded by modality
SERS_met_Gua_100uM_01.txt,Gua,ag_sers,False,Ag colloid SERS — excluded by modality
SERS_met_Gua_100uM_02.txt,Gua,ag_sers,False,Ag colloid SERS — excluded by modality
SERS_met_Gua_100uM_03.txt,Gua,ag_sers,False,Ag colloid SERS — excluded by modality
SERS_met_Gua_100uM_04.txt,Gua,ag_sers,False,Ag colloid SERS — excluded by modality
SERS_met_Gua_100uM_05.txt,Gua,ag_sers,False,Ag colloid SERS — excluded by modality
SERS_met_His_90uM_01.txt,His,ag_sers,False,Ag colloid SERS — excluded by modality
SERS_met_His_90uM_02.txt,His,ag_sers,False,Ag colloid SERS — excluded by modality
SERS_met_His_90uM_03.txt,His,ag_sers,False,Ag colloid SERS — excluded by modality
SERS_met_His_90uM_04.txt,His,ag_sers,False,Ag colloid SERS — excluded by modality
SERS_met_His_90uM_05.txt,His,ag_sers,False,Ag colloid SERS — excluded by modality
SERS_met_Hydroxypro_10uM_01.txt,Hydroxypro,ag_sers,False,Ag colloid SERS — excluded by modality
SERS_met_Hydroxypro_10uM_02.txt,Hydroxypro,ag_sers,False,Ag colloid SERS — excluded by modality
SERS_met_Hydroxypro_10uM_03.txt,Hydroxypro,ag_sers,False,Ag colloid SERS — excluded by modality
SERS_met_Hydroxypro_10uM_04.txt,Hydroxypro,ag_sers,False,Ag colloid SERS — excluded by modality
SERS_met_Hydroxypro_10uM_05.txt,Hydroxypro,ag_sers,False,Ag colloid SERS — excluded by modality
SERS_met_Hypox_2.3uM_01.txt,Hypox,ag_sers,False,Ag colloid SERS — excluded by modality
SERS_met_Hypox_2.3uM_02.txt,Hypox,ag_sers,False,Ag colloid SERS — excluded by modality
SERS_met_Hypox_2.3uM_03.txt,Hypox,ag_sers,False,Ag colloid SERS — excluded by modality
SERS_met_Hypox_2.3uM_04.txt,Hypox,ag_sers,False,Ag colloid SERS — excluded by modality
SERS_met_Hypox_2.3uM_05.txt,Hypox,ag_sers,False,Ag colloid SERS — excluded by modality
SERS_met_Ile_80uM_01.txt,Ile,ag_sers,False,Ag colloid SERS — excluded by modality
SERS_met_Ile_80uM_02.txt,Ile,ag_sers,False,Ag colloid SERS — excluded by modality
SERS_met_Ile_80uM_03.txt,Ile,ag_sers,False,Ag colloid SERS — excluded by modality
SERS_met_Ile_80uM_04.txt,Ile,ag_sers,False,Ag colloid SERS — excluded by modality
SERS_met_Ile_80uM_05.txt,Ile,ag_sers,False,Ag colloid SERS — excluded by modality
SERS_met_Lact_100uM_01.txt,Lact,ag_sers,False,Ag colloid SERS — excluded by modality
SERS_met_Lact_100uM_02.txt,Lact,ag_sers,False,Ag colloid SERS — excluded by modality
SERS_met_Lact_100uM_03.txt,Lact,ag_sers,False,Ag colloid SERS — excluded by modality
SERS_met_Lact_100uM_04.txt,Lact,ag_sers,False,Ag colloid SERS — excluded by modality
SERS_met_Lact_100uM_05.txt,Lact,ag_sers,False,Ag colloid SERS — excluded by modality
SERS_met_Leu_125uM_01.txt,Leu,ag_sers,False,Ag colloid SERS — excluded by modality
SERS_met_Leu_125uM_02.txt,Leu,ag_sers,False,Ag colloid SERS — excluded by modality
SERS_met_Leu_125uM_03.txt,Leu,ag_sers,False,Ag colloid SERS — excluded by modality
SERS_met_Leu_125uM_04.txt,Leu,ag_sers,False,Ag colloid SERS — excluded by modality
SERS_met_Leu_125uM_05.txt,Leu,ag_sers,False,Ag colloid SERS — excluded by modality
SERS_met_Mann_65uM_01.txt,Mann,ag_sers,False,Ag colloid SERS — excluded by modality
SERS_met_Mann_65uM_02.txt,Mann,ag_sers,False,Ag colloid SERS — excluded by modality
SERS_met_Mann_65uM_03.txt,Mann,ag_sers,False,Ag colloid SERS — excluded by modality
SERS_met_Mann_65uM_04.txt,Mann,ag_sers,False,Ag colloid SERS — excluded by modality
SERS_met_Mann_65uM_05.txt,Mann,ag_sers,False,Ag colloid SERS — excluded by modality
SERS_met_Methio_25uM_01.txt,Methio,ag_sers,False,Ag colloid SERS — excluded by modality
SERS_met_Methio_25uM_02.txt,Methio,ag_sers,False,Ag colloid SERS — excluded by modality
SERS_met_Methio_25uM_03.txt,Methio,ag_sers,False,Ag colloid SERS — excluded by modality
SERS_met_Methio_25uM_04.txt,Methio,ag_sers,False,Ag colloid SERS — excluded by modality
SERS_met_Methio_25uM_05.txt,Methio,ag_sers,False,Ag colloid SERS — excluded by modality
SERS_met_NacDgluc_100uM_01.txt,NacDgluc,ag_sers,False,Ag colloid SERS — excluded by modality
SERS_met_NacDgluc_100uM_02.txt,NacDgluc,ag_sers,False,Ag colloid SERS — excluded by modality
SERS_met_NacDgluc_100uM_03.txt,NacDgluc,ag_sers,False,Ag colloid SERS — excluded by modality
SERS_met_NacDgluc_100uM_04.txt,NacDgluc,ag_sers,False,Ag colloid SERS — excluded by modality
SERS_met_NacDgluc_100uM_05.txt,NacDgluc,ag_sers,False,Ag colloid SERS — excluded by modality
SERS_met_Oleic_150uM_01.txt,Oleic,ag_sers,False,Ag colloid SERS — excluded by modality
SERS_met_Oleic_150uM_02.txt,Oleic,ag_sers,False,Ag colloid SERS — excluded by modality
SERS_met_Oleic_150uM_03.txt,Oleic,ag_sers,False,Ag colloid SERS — excluded by modality
SERS_met_Oleic_150uM_04.txt,Oleic,ag_sers,False,Ag colloid SERS — excluded by modality
SERS_met_Oleic_150uM_05.txt,Oleic,ag_sers,False,Ag colloid SERS — excluded by modality
SERS_met_PEP_17uM_01.txt,PEP,ag_sers,False,Ag colloid SERS — excluded by modality
SERS_met_PEP_17uM_02.txt,PEP,ag_sers,False,Ag colloid SERS — excluded by modality
SERS_met_PEP_17uM_03.txt,PEP,ag_sers,False,Ag colloid SERS — excluded by modality
SERS_met_PEP_17uM_04.txt,PEP,ag_sers,False,Ag colloid SERS — excluded by modality
SERS_met_PEP_17uM_05.txt,PEP,ag_sers,False,Ag colloid SERS — excluded by modality
SERS_met_PhInositol_100uM_01.txt,PhInositol,ag_sers,False,Ag colloid SERS — excluded by modality
SERS_met_PhInositol_100uM_02.txt,PhInositol,ag_sers,False,Ag colloid SERS — excluded by modality
SERS_met_PhInositol_100uM_03.txt,PhInositol,ag_sers,False,Ag colloid SERS — excluded by modality
SERS_met_PhInositol_100uM_04.txt,PhInositol,ag_sers,False,Ag colloid SERS — excluded by modality
SERS_met_PhInositol_100uM_05.txt,PhInositol,ag_sers,False,Ag colloid SERS — excluded by modality
SERS_met_Phe_78uM_01.txt,Phe,ag_sers,False,Ag colloid SERS — excluded by modality
SERS_met_Phe_78uM_02.txt,Phe,ag_sers,False,Ag colloid SERS — excluded by modality
SERS_met_Phe_78uM_03.txt,Phe,ag_sers,False,Ag colloid SERS — excluded by modality
SERS_met_Phe_78uM_04.txt,Phe,ag_sers,False,Ag colloid SERS — excluded by modality
SERS_met_Phe_78uM_05.txt,Phe,ag_sers,False,Ag colloid SERS — excluded by modality
SERS_met_Phosph_100uM_01.txt,Phosph,ag_sers,False,Ag colloid SERS — excluded by modality
SERS_met_Phosph_100uM_02.txt,Phosph,ag_sers,False,Ag colloid SERS — excluded by modality
SERS_met_Phosph_100uM_03.txt,Phosph,ag_sers,False,Ag colloid SERS — excluded by modality
SERS_met_Phosph_100uM_04.txt,Phosph,ag_sers,False,Ag colloid SERS — excluded by modality
SERS_met_Phosph_100uM_05.txt,Phosph,ag_sers,False,Ag colloid SERS — excluded by modality
SERS_met_Pro_168uM_01.txt,Pro,ag_sers,False,Ag colloid SERS — excluded by modality
SERS_met_Pro_168uM_02.txt,Pro,ag_sers,False,Ag colloid SERS — excluded by modality
SERS_met_Pro_168uM_03.txt,Pro,ag_sers,False,Ag colloid SERS — excluded by modality
SERS_met_Pro_168uM_04.txt,Pro,ag_sers,False,Ag colloid SERS — excluded by modality
SERS_met_Pro_168uM_05.txt,Pro,ag_sers,False,Ag colloid SERS — excluded by modality
SERS_met_Pyr_35uM_01.txt,Pyr,ag_sers,False,Ag colloid SERS — excluded by modality
SERS_met_Pyr_35uM_02.txt,Pyr,ag_sers,False,Ag colloid SERS — excluded by modality
SERS_met_Pyr_35uM_03.txt,Pyr,ag_sers,False,Ag colloid SERS — excluded by modality
SERS_met_Pyr_35uM_04.txt,Pyr,ag_sers,False,Ag colloid SERS — excluded by modality
SERS_met_Pyr_35uM_05.txt,Pyr,ag_sers,False,Ag colloid SERS — excluded by modality
SERS_met_RNA_5ngmL_01.txt,RNA,ag_sers,False,Ag colloid SERS — excluded by modality
SERS_met_RNA_5ngmL_02.txt,RNA,ag_sers,False,Ag colloid SERS — excluded by modality
SERS_met_RNA_5ngmL_03.txt,RNA,ag_sers,False,Ag colloid SERS — excluded by modality
SERS_met_RNA_5ngmL_04.txt,RNA,ag_sers,False,Ag colloid SERS — excluded by modality
SERS_met_RNA_5ngmL_05.txt,RNA,ag_sers,False,Ag colloid SERS — excluded by modality
SERS_met_Ribo_0.84uM_01.txt,Ribo,ag_sers,False,Ag colloid SERS — excluded by modality
SERS_met_Ribo_0.84uM_02.txt,Ribo,ag_sers,False,Ag colloid SERS — excluded by modality
SERS_met_Ribo_0.84uM_03.txt,Ribo,ag_sers,False,Ag colloid SERS — excluded by modality
SERS_met_Ribo_0.84uM_04.txt,Ribo,ag_sers,False,Ag colloid SERS — excluded by modality
SERS_met_Ribo_0.84uM_05.txt,Ribo,ag_sers,False,Ag colloid SERS — excluded by modality
SERS_met_Ser_160uM_01.txt,Ser,ag_sers,False,Ag colloid SERS — excluded by modality
SERS_met_Ser_160uM_02.txt,Ser,ag_sers,False,Ag colloid SERS — excluded by modality
SERS_met_Ser_160uM_03.txt,Ser,ag_sers,False,Ag colloid SERS — excluded by modality
SERS_met_Ser_160uM_04.txt,Ser,ag_sers,False,Ag colloid SERS — excluded by modality
SERS_met_Ser_160uM_05.txt,Ser,ag_sers,False,Ag colloid SERS — excluded by modality
SERS_met_Stearic_85uM_01.txt,Stearic,ag_sers,False,Ag colloid SERS — excluded by modality
SERS_met_Stearic_85uM_02.txt,Stearic,ag_sers,False,Ag colloid SERS — excluded by modality
SERS_met_Stearic_85uM_03.txt,Stearic,ag_sers,False,Ag colloid SERS — excluded by modality
SERS_met_Stearic_85uM_04.txt,Stearic,ag_sers,False,Ag colloid SERS — excluded by modality
SERS_met_Stearic_85uM_05.txt,Stearic,ag_sers,False,Ag colloid SERS — excluded by modality
SERS_met_Thy_100uM_01.txt,Thy,ag_sers,False,Ag colloid SERS — excluded by modality
SERS_met_Thy_100uM_02.txt,Thy,ag_sers,False,Ag colloid SERS — excluded by modality
SERS_met_Thy_100uM_03.txt,Thy,ag_sers,False,Ag colloid SERS — excluded by modality
SERS_met_Thy_100uM_04.txt,Thy,ag_sers,False,Ag colloid SERS — excluded by modality
SERS_met_Thy_100uM_05.txt,Thy,ag_sers,False,Ag colloid SERS — excluded by modality
SERS_met_Triolein_100uM_01.txt,Triolein,ag_sers,False,Ag colloid SERS — excluded by modality
SERS_met_Triolein_100uM_02.txt,Triolein,ag_sers,False,Ag colloid SERS — excluded by modality
SERS_met_Triolein_100uM_03.txt,Triolein,ag_sers,False,Ag colloid SERS — excluded by modality
SERS_met_Triolein_100uM_04.txt,Triolein,ag_sers,False,Ag colloid SERS — excluded by modality
SERS_met_Triolein_100uM_05.txt,Triolein,ag_sers,False,Ag colloid SERS — excluded by modality
SERS_met_Trp_55uM_01.txt,Trp,ag_sers,False,Ag colloid SERS — excluded by modality
SERS_met_Trp_55uM_02.txt,Trp,ag_sers,False,Ag colloid SERS — excluded by modality
SERS_met_Trp_55uM_03.txt,Trp,ag_sers,False,Ag colloid SERS — excluded by modality
SERS_met_Trp_55uM_04.txt,Trp,ag_sers,False,Ag colloid SERS — excluded by modality
SERS_met_Trp_55uM_05.txt,Trp,ag_sers,False,Ag colloid SERS — excluded by modality
SERS_met_Tyr_55uM_01.txt,Tyr,ag_sers,False,Ag colloid SERS — excluded by modality
SERS_met_Tyr_55uM_02.txt,Tyr,ag_sers,False,Ag colloid SERS — excluded by modality
SERS_met_Tyr_55uM_03.txt,Tyr,ag_sers,False,Ag colloid SERS — excluded by modality
SERS_met_Tyr_55uM_04.txt,Tyr,ag_sers,False,Ag colloid SERS — excluded by modality
SERS_met_Tyr_55uM_05.txt,Tyr,ag_sers,False,Ag colloid SERS — excluded by modality
SERS_met_UA_280uM_01.txt,UA,ag_sers,False,Ag colloid SERS — excluded by modality
SERS_met_UA_280uM_02.txt,UA,ag_sers,False,Ag colloid SERS — excluded by modality
SERS_met_UA_280uM_03.txt,UA,ag_sers,False,Ag colloid SERS — excluded by modality
SERS_met_UA_280uM_04.txt,UA,ag_sers,False,Ag colloid SERS — excluded by modality
SERS_met_UA_280uM_05.txt,UA,ag_sers,False,Ag colloid SERS — excluded by modality
SERS_met_Ura_2uM_01.txt,Ura,ag_sers,False,Ag colloid SERS — excluded by modality
SERS_met_Ura_2uM_02.txt,Ura,ag_sers,False,Ag colloid SERS — excluded by modality
SERS_met_Ura_2uM_03.txt,Ura,ag_sers,False,Ag colloid SERS — excluded by modality
SERS_met_Ura_2uM_04.txt,Ura,ag_sers,False,Ag colloid SERS — excluded by modality
SERS_met_Ura_2uM_05.txt,Ura,ag_sers,False,Ag colloid SERS — excluded by modality
SERS_met_Urea_6.5mM_01.txt,Urea,ag_sers,False,Ag colloid SERS — excluded by modality
SERS_met_Urea_6.5mM_02.txt,Urea,ag_sers,False,Ag colloid SERS — excluded by modality
SERS_met_Urea_6.5mM_03.txt,Urea,ag_sers,False,Ag colloid SERS — excluded by modality
SERS_met_Urea_6.5mM_04.txt,Urea,ag_sers,False,Ag colloid SERS — excluded by modality
SERS_met_Urea_6.5mM_05.txt,Urea,ag_sers,False,Ag colloid SERS — excluded by modality
SERS_met_Val_117uM_01.txt,Val,ag_sers,False,Ag colloid SERS — excluded by modality
SERS_met_Val_117uM_02.txt,Val,ag_sers,False,Ag colloid SERS — excluded by modality
SERS_met_Val_117uM_03.txt,Val,ag_sers,False,Ag colloid SERS — excluded by modality
SERS_met_Val_117uM_04.txt,Val,ag_sers,False,Ag colloid SERS — excluded by modality
SERS_met_Val_117uM_05.txt,Val,ag_sers,False,Ag colloid SERS — excluded by modality
SERS_met_Xanth_50uM_01.txt,Xanth,ag_sers,False,Ag colloid SERS — excluded by modality
SERS_met_Xanth_50uM_02.txt,Xanth,ag_sers,False,Ag colloid SERS — excluded by modality
SERS_met_Xanth_50uM_03.txt,Xanth,ag_sers,False,Ag colloid SERS — excluded by modality
SERS_met_Xanth_50uM_04.txt,Xanth,ag_sers,False,Ag colloid SERS — excluded by modality
SERS_met_Xanth_50uM_05.txt,Xanth,ag_sers,False,Ag colloid SERS — excluded by modality
