id,component,family,membrane_lipid,protein_backbone,aromatic_amino_acid,purine_nucleotide,pyrimidine_nucleotide,glycan_carbohydrate,redox_metabolite,nucleic_acid_backbone,dominant_axis,dominant_weight
1,12-methyltetradecanoic acid,Lipids,0.2058122360095473,0.13140294932650112,0.039704493455475616,0.03403379511899947,0.07069685553126799,0.14825795976000586,0.016385212738063377,0.20261347187890838,membrane_lipid,0.2058122360095473
2,13-methylmyristicacid,Lipids,0.11918834163814729,0.15752210617514234,0.03224141376944328,0.02523339457545376,0.02387279783080451,0.07858151281645206,0.016267214004224522,0.10034788222303095,protein_backbone,0.15752210617514234
3,14-methylhexadecanoic acid,Lipids,0.1664211993210808,0.12986136373388435,0.03135511877169991,0.02673552713921115,0.03824139372605781,0.13361191338383815,0.02199539388459625,0.22872113792612644,nucleic_acid_backbone,0.22872113792612644
4,14-methylpentadecanoic acid,Lipids,0.14917733501707126,0.14788308469762929,0.020256313520851662,0.024637655012431953,0.03851388194767305,0.13323918883279423,0.016212505787752053,0.1674366504986476,nucleic_acid_backbone,0.1674366504986476
5,15-methylpalmiticacid,Lipids,0.14458307666286427,0.1463528489140789,0.028367704205975144,0.018389605121158097,0.04422379298615113,0.12392670145020329,0.017838706287469433,0.1409579658545497,protein_backbone,0.1463528489140789
6,acetoacetate,PrimaryMetabolites,0.3988549436210901,0.09360683131171364,0.24235026204788523,0.06541744419425792,0.1424499835567447,0.07933102462651784,0.07561329948235379,0.06956911706810795,membrane_lipid,0.3988549436210901
7,acetyl coenzyme a,PrimaryMetabolites,0.10773212539710364,0.16325078462604053,0.12062789836253941,0.3118251326997164,0.1470005829582901,0.20039880001917248,0.12974807638600955,0.17465195095606395,purine_nucleotide,0.3118251326997164
8,adenine,NucleicAcids,0.017940281515603642,0.06261807750285671,0.021613333248954345,0.13753611134613727,0.008239146322268978,0.0338126108538563,0.0413187059989333,0.022539007724709157,purine_nucleotide,0.13753611134613727
9,amylopectin,Saccharides,0.17392984915226034,0.12266386693543076,0.06873736447564761,0.12413638882624335,0.0343278005357159,0.27804133963455835,0.2670297764430642,0.23886987689880185,glycan_carbohydrate,0.27804133963455835
10,amylose,Saccharides,0.26855510542665645,0.1780380956364062,0.13065169509819616,0.1908405602949542,0.051765872744977987,0.43843369310399144,0.33720472974427795,0.3797800737965258,glycan_carbohydrate,0.43843369310399144
11,ascorbic acid,Vitamins,0.04427155161646874,0.11807000717228859,0.09543583052811681,0.1073216008569176,0.05874304635612637,0.2196562156733908,0.034962396820833304,0.11218593812801793,glycan_carbohydrate,0.2196562156733908
12,cellulose,Saccharides,0.1462327330378701,0.06567369685583645,0.027175777115922204,0.08828841314163939,0.011620086385346617,0.3335687949730558,0.05828374176059732,0.20020963176514112,glycan_carbohydrate,0.3335687949730558
13,chitin,Saccharides,0.2608302439990205,0.1446679374370506,0.058032504183668204,0.18405695716349849,0.02539272465778737,0.4188981168530249,0.16430250664624702,0.31390360731899797,glycan_carbohydrate,0.4188981168530249
14,citric acid,PrimaryMetabolites,0.06636971840656816,0.0733922038826414,0.016866161842586543,0.04337783693258591,0.1715822670850169,0.0545403123105931,0.03750991148418907,0.07136533347575483,pyrimidine_nucleotide,0.1715822670850169
15,coenzyme a,PrimaryMetabolites,0.1816157940744656,0.13921032920146822,0.07132017197298084,0.2812107938350152,0.15404453778112523,0.14320196870530452,0.09240972769440939,0.1543233562786105,purine_nucleotide,0.2812107938350152
16,cytosine,NucleicAcids,0.02080690836972355,0.11050134039491956,0.029903489429650067,0.027337074288020225,0.24447510247466417,0.03666001110349894,0.04003339206603903,0.0116032766095882,pyrimidine_nucleotide,0.24447510247466417
17,d-(+)-dextrose,Saccharides,0.055679629751891974,0.037558914458476894,0.09376885541152831,0.07629206133819028,0.03372738510363547,0.1613331463502186,0.09370761496441067,0.21124102212963394,nucleic_acid_backbone,0.21124102212963394
18,d-(+)-fucose,Saccharides,0.16400320461664503,0.169308112048129,0.09242677252103788,0.17798764276108478,0.18403864009918472,0.29191115172675475,0.09925534864811651,0.16326740754191543,glycan_carbohydrate,0.29191115172675475
19,d-(+)-galactosamine,Saccharides,0.14372045201077716,0.13762674393208854,0.05141448429676776,0.06153699118367415,0.019384094161606226,0.22051347775571772,0.24265901292783676,0.21830059997753387,redox_metabolite,0.24265901292783676
20,d-(+)-mannose,Saccharides,0.1173996651861269,0.1655644803996894,0.12132092258555302,0.15691234901510742,0.06544347115704358,0.3936522238811906,0.2492132464714445,0.2528666791294427,glycan_carbohydrate,0.3936522238811906
21,d-(+)-trehalose,Saccharides,0.20415971281189443,0.09906579441812913,0.13193563320727134,0.1919814506530887,0.04851200074408643,0.3215633971923065,0.24408488326514266,0.2192582436679534,glycan_carbohydrate,0.3215633971923065
22,d-(+)-xylose,Saccharides,0.09286201904603016,0.05407237153600737,0.03723565045816956,0.060918535011472354,0.030474350877034158,0.2795501075484823,0.2325934582163326,0.07274253442305474,glycan_carbohydrate,0.2795501075484823
23,d-(-)-arabinose,Saccharides,0.026837347247643046,0.07631986355409331,0.12410719431469223,0.09412097707193408,0.013115006018252977,0.07301157775231662,0.04644832488368368,0.06891062149769343,aromatic_amino_acid,0.12410719431469223
24,d-(-)-fructose,Saccharides,0.06886028029186342,0.08477579228187035,0.13406873378357356,0.027684138462095487,0.08035511503309427,0.10831898450489633,0.11033146345233755,0.1311325459749255,aromatic_amino_acid,0.13406873378357356
25,d-fructose-6-phosphate,PrimaryMetabolites,0.09218652056462169,0.15626074228416625,0.18062022390261678,0.05915794744007296,0.09666638000708554,0.12010167924341367,0.145946084833539,0.18580771908453794,nucleic_acid_backbone,0.18580771908453794
26,fumarate,PrimaryMetabolites,0.1105807959363748,0.04199667327696506,0.028384172870454253,0.012042701425629696,0.04172536081798733,0.025840453831848426,0.007506633025669271,0.008375779273927778,membrane_lipid,0.1105807959363748
27,glutathione,Other,0.17683464570822816,0.18308773287466035,0.21275653783243134,0.2770756186842022,0.1423796916170944,0.17946739740999657,0.05380284716020882,0.15598780635563017,purine_nucleotide,0.2770756186842022
28,glycerol,Lipids,0.10405187093420716,0.2521896115079659,0.21047348131305957,0.12724960721252462,0.11123258696307496,0.3661687511710795,0.2317692478780501,0.6321076818005812,nucleic_acid_backbone,0.6321076818005812
29,glycine,AminoAcids,0.059338191110201166,0.0177869578461912,0.010459536950947187,0.05841852762618724,0.008295230383457775,0.12573100597497947,0.13506584323449952,0.04471369673187709,redox_metabolite,0.13506584323449952
30,guanine,NucleicAcids,0.08489292636103954,0.07734444457979808,0.11417471209963066,0.044688375622328545,0.010919253155065,0.012055200850143158,0.03877304716777634,0.022995077864024705,aromatic_amino_acid,0.11417471209963066
31,l-alanine,AminoAcids,0.0606344355101157,0.08695959624041873,0.12358876502963088,0.07584738127784672,0.0384745716858924,0.05712347620639919,0.07340492180830419,0.04695203324621812,aromatic_amino_acid,0.12358876502963088
32,l-arginine,AminoAcids,0.1253060311077015,0.10162268520294104,0.13002281150779701,0.041282066382403344,0.029392949950592783,0.11152605901650034,0.05199770046879731,0.20685475443512966,nucleic_acid_backbone,0.20685475443512966
33,l-glutamate,AminoAcids,0.2743534626406013,0.12845677008730755,0.08535347444631573,0.09364576613261542,0.09645007359414512,0.11137429420110126,0.12421179362067616,0.07553565634129988,membrane_lipid,0.2743534626406013
34,l-histidine,AminoAcids,0.05915059769322835,0.1210407657721231,0.057675492469563536,0.06241842768532837,0.040624442919658485,0.08561490007689174,0.014086599077661821,0.043303638351401955,protein_backbone,0.1210407657721231
35,l-phenylalanine,AminoAcids,0.038378555535676026,0.03451003254290049,0.12573805179405467,0.030790433134021977,0.046813340347302446,0.013577193281553799,0.04198171074681871,0.06390297235061645,aromatic_amino_acid,0.12573805179405467
36,l-proline,AminoAcids,0.2597966443871586,0.2820751762299517,0.3293505118924701,0.17287023597652076,0.11950149312101813,0.3296205397919664,0.09257342025260239,0.277179646479353,glycan_carbohydrate,0.3296205397919664
37,l-serine,AminoAcids,0.06386468039979831,0.11432244586060705,0.16211719441208194,0.09209426974975639,0.09474845765055648,0.08735032049744826,0.14403279004727293,0.01920965674508449,aromatic_amino_acid,0.16211719441208194
38,l-tryptophan,AminoAcids,0.06803503997073136,0.060590089520614954,0.14303305189059884,0.12238187261924849,0.19643492563964576,0.1019250300082245,0.07023292933711833,0.043263473679373214,pyrimidine_nucleotide,0.19643492563964576
39,l-tyrosine,AminoAcids,0.0596809963189341,0.03692717459871242,0.1237818876550496,0.028412477459617835,0.03502349113024878,0.024566045926419477,0.03493085729426544,0.02286183356207167,aromatic_amino_acid,0.1237818876550496
40,l-valine,AminoAcids,0.12912631117097034,0.1154893982215955,0.06621811116051596,0.13577320847860408,0.11064687446819971,0.06500633857179447,0.09618463583382329,0.07316646935658036,purine_nucleotide,0.13577320847860408
41,lactose,Saccharides,0.17681733702455368,0.1492285073937303,0.13561798396944008,0.22076007401632367,0.03903343382401944,0.4141917681884025,0.22522407252388435,0.4537146439961543,nucleic_acid_backbone,0.4537146439961543
42,lauric acid,Lipids,0.11676945820843898,0.12551686552622124,0.018281941898571658,0.021638455139571716,0.013504080543263589,0.1737627588851723,0.020850026567474853,0.16349581810083677,glycan_carbohydrate,0.1737627588851723
43,malic acid,PrimaryMetabolites,0.0727023440296659,0.08350156304065699,0.01707286880424258,0.06345264115906735,0.10382443157874013,0.08604815946319169,0.04522788726607,0.08078087991569868,pyrimidine_nucleotide,0.10382443157874013
44,myristic acid,Lipids,0.13833652665665966,0.09808404203266197,0.017290406264262294,0.023115292993769933,0.008979313363365105,0.19350918875066925,0.01436066998511979,0.19005246334392806,glycan_carbohydrate,0.19350918875066925
45,n-acetyl- d-glucosamine,Saccharides,0.12768957919499363,0.19063470204451305,0.10026913623073772,0.13357119924743854,0.07605037391774572,0.21125401652029174,0.20038567218598693,0.17730911060758744,glycan_carbohydrate,0.21125401652029174
46,oleic acid,Lipids,0.17267438358079237,0.18349091691369337,0.062085732176169896,0.045409661976419186,0.03481210651968206,0.15737044525508637,0.030560556325420388,0.20096815674287075,nucleic_acid_backbone,0.20096815674287075
47,palmitic acid,Lipids,0.15112201170318337,0.09625509668556459,0.014817868844738884,0.020603562779873946,0.008783483841202644,0.18266796678219266,0.017660943721641217,0.18039406260429838,glycan_carbohydrate,0.18266796678219266
48,phosphoenolpyruvate,PrimaryMetabolites,0.10424194819976618,0.08149942535955204,0.05329812667836065,0.04832239387199374,0.18874540326385442,0.04937899318437379,0.02964162724322824,0.22323875564088677,nucleic_acid_backbone,0.22323875564088677
49,pyruvate,PrimaryMetabolites,0.12971669064765246,0.017050231743572,0.07794451903746741,0.030631380168778293,0.013106453773827404,0.012661870788533366,0.0175207850501412,0.014332629918594703,membrane_lipid,0.12971669064765246
50,riboﬂavin,Vitamins,0.08617035129154377,0.07414066663625894,0.06479213789216035,0.17253557949425344,0.08486444901853885,0.03933147277631321,0.0790853700858798,0.04273826813916619,purine_nucleotide,0.17253557949425344
51,stearic acid,Lipids,0.14072652065636818,0.07634991976404212,0.02071915837160941,0.013383300046257702,0.017987277601616447,0.08480535834940703,0.011595209363214929,0.09374842907167671,membrane_lipid,0.14072652065636818
52,succinic acid,PrimaryMetabolites,0.07692714635380708,0.06828788644885277,0.010013293212580588,0.055703472267602305,0.008540285967098285,0.029416490863472138,0.00830684030014865,0.01632174283930233,membrane_lipid,0.07692714635380708
53,thymine,NucleicAcids,0.06149645071247607,0.04838443657428061,0.04732938559022819,0.12675589472108476,0.17888134329706074,0.014657180887997797,0.053630318934867555,0.016573022924565896,pyrimidine_nucleotide,0.17888134329706074
54,trilinolein,Lipids,0.07808269517357175,0.1356822133218136,0.053302632669758626,0.027581086684011314,0.017786392448705602,0.10230686262984567,0.022590552910410216,0.09374900676198221,protein_backbone,0.1356822133218136
55,trilinolenin,Lipids,0.06530219017951436,0.10952226931527582,0.04630564819336577,0.01799960424411384,0.026886501302987736,0.08519913125750475,0.020346065609510862,0.047729634888894396,protein_backbone,0.10952226931527582
56,triolein,Lipids,0.16728303565066127,0.19822959121230835,0.06783244711358095,0.04621016902984737,0.039588018758047024,0.170507521791316,0.04122275184889802,0.20385531046855596,nucleic_acid_backbone,0.20385531046855596
57,uracil,NucleicAcids,0.034603015591164285,0.05874465684285775,0.018422872334866367,0.009193531626290455,0.13799466586598033,0.018754037209936753,0.026696403519731904,0.007924824032596433,pyrimidine_nucleotide,0.13799466586598033
58,vaccenic acid,Lipids,0.17248924832329432,0.18545618345291898,0.06080437375948911,0.0443149453437647,0.04188570604842218,0.16168408187048802,0.03169143281295416,0.1867797016425697,nucleic_acid_backbone,0.1867797016425697
59,β-carotene,Pigments,0.17766056760478344,0.07487879865268983,0.06178628304227106,0.010792174227364412,0.008328986116245135,0.030087393881917134,0.01551119022687288,0.023823489810356095,membrane_lipid,0.17766056760478344
60,β-d-glucose,Saccharides,0.0923044017058671,0.05917340070450551,0.11259000585994612,0.10764011260608593,0.03138920858648743,0.24280835773713413,0.12056447201944541,0.2815225240085362,nucleic_acid_backbone,0.2815225240085362
61,arachidonic acid,Lipids,0.06430209223192324,0.10923665314067177,0.039888358182458374,0.016635010055962414,0.020512640991598795,0.061965872385681034,0.015121134239920668,0.05648830096950806,protein_backbone,0.10923665314067177
62,α-linolenic acid,Lipids,0.0770385425473606,0.14837605289068526,0.035463925407560715,0.02657354813021341,0.012370734439270423,0.07285840390115461,0.023117935026703593,0.07442508409556686,protein_backbone,0.14837605289068526
63,arachidic acid,Lipids,0.1828899174021137,0.13038955305740285,0.01118916705409122,0.013892542103282718,0.008924363960959627,0.13676620547987903,0.007922854283623909,0.2524585592296739,nucleic_acid_backbone,0.2524585592296739
64,cholesterol,Lipids,0.28096164475161367,0.16654846166648934,0.09713429346956899,0.16851984236221199,0.08636935863812745,0.2006466820648839,0.08781926123183162,0.13358236932922374,membrane_lipid,0.28096164475161367
65,cholesteryl linoleate,Lipids,0.2559369017698323,0.3122419841257065,0.10666958681450237,0.13402182840853202,0.0519617336845673,0.21175074565638663,0.05258400063156224,0.22756542783711006,protein_backbone,0.3122419841257065
66,cholesteryl oleate,Lipids,0.2428575006478616,0.21870819498656535,0.09717929954428271,0.10043366034264604,0.06015102318082359,0.18066794959190358,0.030164181373091643,0.2227851967668556,membrane_lipid,0.2428575006478616
67,cholesteryl palmitate,Lipids,0.2543507764300499,0.1471253335920099,0.05910908424549473,0.10266287927893543,0.03947285978470173,0.1413960083850887,0.03853504555851105,0.12683643070981257,membrane_lipid,0.2543507764300499
68,cholesteryl stearate,Lipids,0.23311879341952152,0.1399876230361229,0.05335402483708775,0.07392264802378241,0.03430016341970954,0.11417917278670692,0.025582233351174266,0.13062245415127968,membrane_lipid,0.23311879341952152
69,elaidic acid,Lipids,0.16627272314000005,0.06369820666632964,0.007326362552879647,0.006976330762475076,0.02946956357113583,0.06073698190718941,0.003738954404840335,0.029903471172465616,membrane_lipid,0.16627272314000005
70,linoleic acid,Lipids,0.11526714027097543,0.16391522307715914,0.04392783906933245,0.03204338321715774,0.018708806722795908,0.08882853482395546,0.017040419378168654,0.09825568732253737,protein_backbone,0.16391522307715914
71,myristic acid,Lipids,0.1534797107935334,0.12177392732918593,0.012301828092073176,0.011258384611166275,0.0030604342590702096,0.18058112101998114,0.004412646603209146,0.30919293851905133,nucleic_acid_backbone,0.30919293851905133
72,oleic acid,Lipids,0.17582137244736892,0.2189250227922679,0.07003187016872015,0.0555213521050873,0.04817500882278226,0.17915978982677164,0.018849381714341605,0.20570812384592052,protein_backbone,0.2189250227922679
73,palmitic acid,Lipids,0.19190697195632647,0.14397499579082035,0.011748326705567646,0.018666196918735795,0.004206822583647305,0.20792218936485538,0.0073817588370804705,0.22534816637582827,nucleic_acid_backbone,0.22534816637582827
74,l-α-phosphatidylcholine,Lipids,0.20679848785767957,0.24328847265873607,0.06721057143464423,0.11468304547456544,0.084835360280758,0.24147865587259543,0.019415038095465357,0.24661178647660317,nucleic_acid_backbone,0.24661178647660317
75,l-α-phosphatidylethanolamine,Lipids,0.21420222746844142,0.2551078622073088,0.10000632832393751,0.06288874117811674,0.1282945658549301,0.2830292326832047,0.018992530162714103,0.2780997005715104,glycan_carbohydrate,0.2830292326832047
76,palmitoleic acid,Lipids,0.1785023264502592,0.21229494317343597,0.08670062354994978,0.05468951763225085,0.06543897589118877,0.19559795174907796,0.023344113525329564,0.18221170115423765,protein_backbone,0.21229494317343597
77,stearic acid,Lipids,0.16010952056483513,0.12759484518620162,0.013497588413319543,0.005475279300016365,0.004120683356824244,0.0984493948182304,0.0027261380620329104,0.14166973634061591,membrane_lipid,0.16010952056483513
78,sphingomyelin,Lipids,0.22082185014974637,0.21252804118351826,0.034586127727026336,0.1021093058099275,0.057760750847282764,0.23723456681778893,0.018920746800678914,0.3260033745833842,nucleic_acid_backbone,0.3260033745833842
79,triarachidin,Lipids,0.12062552634374321,0.1449350085967699,0.01510880716784421,0.015917090313630877,0.012726418215007352,0.10205365483784704,0.01362506875825201,0.13555556205128258,protein_backbone,0.1449350085967699
80,tribehenin,Lipids,0.12053853163680553,0.14409568068025114,0.013070396822927932,0.01666779352992857,0.010671943208525284,0.09729009244001151,0.007864243085287825,0.12579705843290306,protein_backbone,0.14409568068025114
81,tricaproin,Lipids,0.202004094860063,0.18259709219334141,0.07274348127662876,0.06093200935733673,0.03373243987556182,0.14780736048402252,0.023596378087648168,0.13143158855676113,membrane_lipid,0.202004094860063
82,tricaprin,Lipids,0.18269142424267276,0.1922926895751248,0.03118154980538307,0.03468578157776853,0.0195343299690503,0.1597402551378161,0.015938667916088608,0.1942425761072965,nucleic_acid_backbone,0.1942425761072965
83,tricaprylin,Lipids,0.220057506897779,0.19163773179086718,0.08305362750714217,0.06644780268548096,0.05001278081554179,0.1687378409977291,0.01910691953737303,0.16485980764537125,membrane_lipid,0.220057506897779
84,trielaidin,Lipids,0.1635701881180919,0.15829020587402667,0.02399126380343263,0.0312710226578941,0.025965081497976012,0.11241226252947478,0.011405571685698411,0.14759898500896093,membrane_lipid,0.1635701881180919
85,tri-11-eicosenoin,Lipids,0.19240248533936996,0.20078998442416557,0.059891293251971185,0.07164734277100439,0.036051001529955384,0.12717690286505692,0.04423099486474358,0.17372604413744677,protein_backbone,0.20078998442416557
86,trierucin,Lipids,0.17332826212209307,0.19137702255735012,0.03065471686922762,0.03395370383025659,0.02190686158422776,0.1274869516758097,0.01595166823522809,0.16686150069684275,protein_backbone,0.19137702255735012
87,trilinolein,Lipids,0.12154229520605006,0.15511589104169585,0.035848882252063126,0.03136072933991973,0.008475596870547266,0.07104168313986306,0.018345853825173796,0.0694944598579698,protein_backbone,0.15511589104169585
88,trilinolenin,Lipids,0.07586518038299275,0.11276154560131449,0.026430874344109966,0.02306652731479474,0.009976301246847504,0.052460323889539265,0.017752527732790388,0.04151636093260851,protein_backbone,0.11276154560131449
89,trilaurin,Lipids,0.15904305408611558,0.1794235995931447,0.02246363381551024,0.025798020641778985,0.00978710378177584,0.15803356541197247,0.0144331755199043,0.17168753248593008,protein_backbone,0.1794235995931447
90,trimyristin,Lipids,0.1516756831630122,0.17507858025870657,0.02151299497038113,0.0193526766718598,0.011276666356066677,0.1581709279237124,0.010716524336822523,0.17771179713453866,nucleic_acid_backbone,0.17771179713453866
91,triolein,Lipids,0.19336307465271843,0.19712751286226804,0.058464421717088585,0.050551093412229575,0.03900008956313673,0.1197712557555663,0.03288272091237551,0.13882913197879082,protein_backbone,0.19712751286226804
92,tripalmitin,Lipids,0.14149908903008845,0.16645363974895963,0.02521757796463834,0.02508978665094133,0.015978946550987718,0.14082777576701566,0.01667584674749499,0.1640106555962141,protein_backbone,0.16645363974895963
93,tripetroselinin,Lipids,0.20100351749450276,0.20224976237027684,0.026784298263570393,0.031074767081706322,0.02016062649029956,0.1334002983769534,0.03234250848199924,0.22921834551301729,nucleic_acid_backbone,0.22921834551301729
94,tripalmitolein,Lipids,0.20002039929753965,0.20351059157984752,0.057563961591918136,0.053887097263238794,0.04257820697060191,0.12523448843114499,0.021344559970171255,0.12884676463895403,protein_backbone,0.20351059157984752
95,tristearin,Lipids,0.14192385447963343,0.16529463270149913,0.02289722120214867,0.023821802353447764,0.016733487451429933,0.1182163819206701,0.006151834406918981,0.16157381106961205,protein_backbone,0.16529463270149913
96,lactalbumin,Proteins,0.1979826098904614,0.34451922328805806,0.22428167482733213,0.2102227455656774,0.1413671878249831,0.16456764745696484,0.11238807736691314,0.14396015125563172,protein_backbone,0.34451922328805806
97,lactalbumin,Proteins,0.23126393436102752,0.39698303869771556,0.24635513719587662,0.26824132040941456,0.17190299295366576,0.17142152482033055,0.11290651832186469,0.14005127858049618,protein_backbone,0.39698303869771556
98,lactalbumin,Proteins,0.25664742516119976,0.3132053123870854,0.1513594890538254,0.1887989451088126,0.09588539801427007,0.13331376354431868,0.09049974580552834,0.07855455344725124,protein_backbone,0.3132053123870854
99,albumin,Proteins,0.1787928897203934,0.24414509546359653,0.21218208699541746,0.19915681576352265,0.09918150319185323,0.2092190974954756,0.16464910308393985,0.21947904341735625,protein_backbone,0.24414509546359653
100,albumin,Proteins,0.17334375840201088,0.3273811737254345,0.2052511578516632,0.17944449165137175,0.06595578830823086,0.1823729963831006,0.1154098201694122,0.11040112130665754,protein_backbone,0.3273811737254345
101,albumin,Proteins,0.2074878321645585,0.26249664788332916,0.1388511860818011,0.1568370988428394,0.05599343594753464,0.16637353613591388,0.10629319638517792,0.13128225354996287,protein_backbone,0.26249664788332916
102,carbonic anhydrase,Proteins,0.26302271394335397,0.38468694736071185,0.273906400263095,0.1866025611186999,0.11645196700726929,0.1562076172897173,0.032832267597910476,0.14217627902183225,protein_backbone,0.38468694736071185
103,carbonic anhydrase,Proteins,0.28094063077672815,0.39921777068421693,0.29045772292545097,0.21196525504673427,0.13235276474932112,0.1646897530939501,0.025089295950462512,0.14739045914237242,protein_backbone,0.39921777068421693
104,carbonic anhydrase,Proteins,0.304378465966073,0.36263582692643814,0.20744297802942066,0.19384312074847374,0.11002390364417114,0.1415966607805456,0.06069763127047807,0.19079038597267842,protein_backbone,0.36263582692643814
105,collagen,Proteins,0.2342968592576575,0.4170698061943977,0.13384327936485296,0.08568418459733329,0.06511459719306711,0.2546825210508857,0.09876158840893519,0.22450630373882952,protein_backbone,0.4170698061943977
106,collagen,Proteins,0.25122496926907195,0.4186812395497892,0.10774782450409646,0.08006762029172747,0.0753812863567638,0.229599705228817,0.05425953227041008,0.21817497858824303,protein_backbone,0.4186812395497892
107,collagen,Proteins,0.2718092773358011,0.3509412117316654,0.09496115961104239,0.0930117359481286,0.10094365164598212,0.14992978488997524,0.07271913558714832,0.17823819716586045,protein_backbone,0.3509412117316654
108,α-chymotrypsinogen a (type ii),Proteins,0.22360629619222683,0.3654941657326295,0.21955480742750727,0.1727632896552491,0.11715512196689543,0.1798940492414993,0.035217584541088795,0.197496906429447,protein_backbone,0.3654941657326295
109,α-chymotrypsinogen a (type ii),Proteins,0.1929999983043384,0.3457551498654197,0.21634884792466394,0.17441747591397117,0.13945067757614996,0.16024676412911665,0.06680154350555134,0.1959646076153422,protein_backbone,0.3457551498654197
110,α-chymotrypsinogen a (type ii),Proteins,0.21049677598578473,0.307679403850827,0.1650880179477668,0.16276133818100236,0.11966437305549084,0.12565071834178604,0.06604503890734892,0.11381533653146764,protein_backbone,0.307679403850827
111,elastase,Proteins,0.30224965386496677,0.37155010049777537,0.259942492844573,0.23237660389333595,0.1087525986239374,0.166569128235392,0.04740835995237537,0.5255190191834297,nucleic_acid_backbone,0.5255190191834297
112,elastase,Proteins,0.32174376533976184,0.43712935768488004,0.2696010602464803,0.267196802345811,0.14338840401179115,0.18820286871864722,0.07664569231686633,0.3316190034523776,protein_backbone,0.43712935768488004
113,elastase,Proteins,0.2535276005924833,0.3032899942864422,0.18945510493184917,0.1809174718475197,0.07712660445168071,0.15713350292803496,0.0822869169802121,0.25459420987341214,protein_backbone,0.3032899942864422
114,ferritin,Proteins,0.19916604756170797,0.23546788979277822,0.2078034105583584,0.1692366041380804,0.12111065499698685,0.14350092572906825,0.103348346203293,0.10018343980181008,protein_backbone,0.23546788979277822
115,ferritin,Proteins,0.3543280083845365,0.2376883586998818,0.3164163773899532,0.8004032476568499,0.23635125160145487,0.16304756099765305,0.19521275565512508,0.18502459265989926,purine_nucleotide,0.8004032476568499
116,ferritin,Proteins,0.2438578880243945,0.2395248156094754,0.15486200459146748,0.18738654037763972,0.08993400986408395,0.13494150876299182,0.13780006128924646,0.13212288519551596,membrane_lipid,0.2438578880243945
117,glutathione transferase,Proteins,0.20092999958115704,0.3659502650491151,0.15868101337074572,0.18327221331049656,0.12410062622249961,0.17197734568263115,0.11262440135689708,0.14811256213640422,protein_backbone,0.3659502650491151
118,glutathione transferase,Proteins,0.19077788282107594,0.38927032658640426,0.2087380765073268,0.17351899329121112,0.13645264637468146,0.20184636858192445,0.08127655700773515,0.15516470095435944,protein_backbone,0.38927032658640426
119,horseradish peroxidase,Proteins,0.1730309815906893,0.17108474591791267,0.26574127514931484,0.25789984413586325,0.1181346819831971,0.09713405625073301,0.09176193976191349,0.06117145518079211,aromatic_amino_acid,0.26574127514931484
120,horseradish peroxidase,Proteins,0.23945314738011286,0.2262383728518934,0.31000791746215417,0.25854888444831997,0.10188530103113745,0.13297014502467802,0.11354789842155125,0.06858927545230745,aromatic_amino_acid,0.31000791746215417
121,hemoglobin,Proteins,0.10124927463829486,0.0919641358030527,0.199576722678263,0.24167373840042242,0.06655802281408571,0.06630265209484616,0.03201581538983668,0.03206093115754444,purine_nucleotide,0.24167373840042242
122,hemoglobin,Proteins,0.1788577772113099,0.15654982188237468,0.21667590479109403,0.15798261010175543,0.20262980337085126,0.2179435143471894,0.03528330245937911,0.07713532460277543,glycan_carbohydrate,0.2179435143471894
123,lectin,Proteins,0.21509406613387438,0.3283579581247436,0.2328473495409567,0.17120513881608032,0.08220989194109389,0.12458277501599604,0.03333952516799202,0.18116409668758202,protein_backbone,0.3283579581247436
124,lectin,Proteins,0.26398667297830103,0.40940020593882864,0.2752510475058461,0.20009520116069254,0.08799594053915728,0.20199962707185673,0.042797717259346404,0.3165197661558948,protein_backbone,0.40940020593882864
125,lectin,Proteins,0.2767552349983252,0.3157601512108145,0.22456548770004758,0.21477202456394873,0.09633020068396075,0.08897478616092741,0.11683159916076115,0.14098372677125043,protein_backbone,0.3157601512108145
126,myoglobin,Proteins,0.13344119548225858,0.11020474022026874,0.22102804250869534,0.25818432016184256,0.12080089345170389,0.08303486639235094,0.02092743892337695,0.015559061138207847,purine_nucleotide,0.25818432016184256
127,myoglobin,Proteins,0.16564510756440531,0.12956736835405136,0.19286216015278895,0.14843072818881323,0.13538202067906324,0.12987790571299732,0.03245056597826053,0.05022317508736646,aromatic_amino_acid,0.19286216015278895
128,papain,Proteins,0.40472141242757087,0.5585917763884005,0.359777786897479,0.26008016587353194,0.1148467496384016,0.25737093579100134,0.10189032492779722,0.18798142439668533,protein_backbone,0.5585917763884005
129,papain,Proteins,0.30203188331870484,0.457798571006086,0.2968621946600356,0.1983860988603231,0.11604130638741694,0.19309570248052704,0.06437564718277564,0.1686019616617093,protein_backbone,0.457798571006086
130,papain,Proteins,0.3679392246064772,0.3662024837833622,0.21908779371622267,0.2131076902611396,0.09142411459964718,0.13299452908350087,0.20405679946791072,0.08637511456711917,membrane_lipid,0.3679392246064772
131,pepsin,Proteins,0.30964545380035957,0.44143412135601784,0.18883329271074528,0.19558731032181317,0.06490089185650771,0.24743299427132337,0.05467220015376363,0.26533158244569005,protein_backbone,0.44143412135601784
132,pepsin,Proteins,0.32466685472499185,0.42168045626276257,0.2528279441263032,0.22534546591513782,0.16033258945238316,0.27108632419088385,0.05930061771107331,0.26033224444003933,protein_backbone,0.42168045626276257
133,pepsin,Proteins,0.31785520115530325,0.3334219484969704,0.16722334990970045,0.229965790882,0.11623910703464499,0.34130227592582174,0.18015907667022288,0.3152243947562422,glycan_carbohydrate,0.34130227592582174
134,pepsinogen,Proteins,0.15911522440555612,0.2700766783064905,0.2804302302959498,0.11048041371057726,0.07952614158029955,0.28964352333562504,0.05573650022510191,0.482226546443808,nucleic_acid_backbone,0.482226546443808
135,pepsinogen,Proteins,0.22871745367352045,0.3908388776721069,0.2993000365721896,0.18230212140654434,0.12045518303492006,0.15987898954265545,0.04137897162362525,0.22457489610395978,protein_backbone,0.3908388776721069
136,pepsinogen,Proteins,0.31557300247408204,0.39466659739446275,0.23808808524949956,0.18766147937316424,0.09860723996740642,0.15593056347285844,0.03596112810733206,0.20358345288455798,protein_backbone,0.39466659739446275
137,major proteinase,Proteins,0.14796263964783968,0.3281434813828946,0.17391097489668406,0.12478204584775794,0.06136724497527628,0.19431219461072696,0.05035256099109131,0.06454824441278231,protein_backbone,0.3281434813828946
138,major proteinase,Proteins,0.17886896415753847,0.37742429260240173,0.20595183615240603,0.1562033455524319,0.05994758782048998,0.2282667412418795,0.05074945135275982,0.07238272785992318,protein_backbone,0.37742429260240173
139,major proteinase,Proteins,0.19348220169133715,0.297112119158252,0.12273541473076287,0.13681992124056155,0.047993840928982075,0.14155390041966615,0.038997228536616226,0.04171365484650287,protein_backbone,0.297112119158252
140,superoxide dismutases,Proteins,0.22294111014239001,0.3779141923029723,0.17395292155368766,0.13672555955405638,0.03445551260164022,0.13660558536654785,0.01779354417731629,0.22648222122906067,protein_backbone,0.3779141923029723
141,superoxide dismutases,Proteins,0.24519557604568168,0.4127100876934965,0.20330073322911157,0.1472713548253257,0.04280216057017811,0.17582862295885754,0.024451506186331587,0.26558821327510207,protein_backbone,0.4127100876934965
142,superoxide dismutases,Proteins,0.2919792549258225,0.35730357693759657,0.14657886267696446,0.1842200854611448,0.09467856652033627,0.1356075920619501,0.08373035084885794,0.19906947721055032,protein_backbone,0.35730357693759657
143,trypsinogen,Proteins,0.24060414168915123,0.41984186472234886,0.22984519745935483,0.18155903986894195,0.08781115036472384,0.1883917380674335,0.06669732039528535,0.24903190978927842,protein_backbone,0.41984186472234886
144,trypsinogen,Proteins,0.21199511337097784,0.40223537208697285,0.23668459144792667,0.1681815410521692,0.09156559229172181,0.19544209826261422,0.07566243845572648,0.25300997862888963,protein_backbone,0.40223537208697285
145,trypsinogen,Proteins,0.2156635969294491,0.32074503604354354,0.16615161343727,0.17253815107761047,0.08326331254945786,0.10159145945987838,0.11496404872870278,0.17502050621329662,protein_backbone,0.32074503604354354
146,trypsin inhibitor,Proteins,0.24282992320084745,0.36135799288898107,0.1242797692787824,0.23748337655528043,0.033550831256206864,0.19618807774239616,0.10925114661266991,0.14501388823278472,protein_backbone,0.36135799288898107
147,trypsin inhibitor,Proteins,0.22699894486131467,0.33713644440565405,0.13504355151371733,0.23723927918551513,0.04184990359687795,0.21625590984877785,0.11222911216313897,0.16788592442437877,protein_backbone,0.33713644440565405
148,trypsin inhibitor,Proteins,0.2996707322635288,0.36191039234869116,0.12489110400182689,0.2744543146997925,0.04977327883624627,0.20696404428883025,0.12562357165749666,0.17731289614116025,protein_backbone,0.36191039234869116
149,thaumatin,Proteins,0.21116120523840082,0.337879798461096,0.2312568765331601,0.1515017920432696,0.05494698084313274,0.14150800574000783,0.07010308410040184,0.27086992679903393,protein_backbone,0.337879798461096
150,thaumatin,Proteins,0.24036915081857596,0.3294939595479094,0.24902540857826128,0.19126456884626278,0.07886408260687511,0.10183561182765005,0.10005250279400102,0.25199269314473755,protein_backbone,0.3294939595479094
151,thaumatin,Proteins,0.2400336757985012,0.2973750162630965,0.16921284598827213,0.1455507374048651,0.06935959028597456,0.10138208059241036,0.15812496688748298,0.1860181731204146,protein_backbone,0.2973750162630965
152,triosephosphate isomerase,Proteins,0.2740225617370771,0.2857381476867743,0.22158800823152008,0.2124501924045031,0.20315212849152692,0.2842090812244717,0.17208810815392228,0.16964853967665589,protein_backbone,0.2857381476867743
153,triosephosphate isomerase,Proteins,0.2458947810104577,0.36155595378347233,0.16462479467554567,0.25950476068190104,0.10410409545890802,0.2205966917825607,0.23821229365092156,0.11013925084023676,protein_backbone,0.36155595378347233
154,triosephosphate isomerase,Proteins,0.24819832329255703,0.24507215497095525,0.13400015765174475,0.21234154408002368,0.09587368011680804,0.15644284901011268,0.2054844301514846,0.09884555938404961,membrane_lipid,0.24819832329255703
155,trypsin,Proteins,0.2647561992789233,0.40862075364281414,0.1988539683968882,0.1956269820977339,0.07114279670842306,0.12313968416789614,0.08137749601006582,0.2144309625611131,protein_backbone,0.40862075364281414
156,trypsin,Proteins,0.1815853000399769,0.36738266346155246,0.21252622810830937,0.15134280621365506,0.08870451655601276,0.15261571670810214,0.07316690350606316,0.18836880423814875,protein_backbone,0.36738266346155246
157,trypsin,Proteins,0.3013221537009836,0.37401918589551086,0.1546804576835755,0.19694001356824123,0.08391248554498894,0.1538715516394067,0.07783639592296561,0.18594420437705012,protein_backbone,0.37401918589551086
158,ubiquitin,Proteins,0.2289556030772384,0.3974384632454191,0.182427256124633,0.183978884615592,0.056745047612387536,0.13584552017833734,0.03462580984716055,0.11289460811153366,protein_backbone,0.3974384632454191
159,ubiquitin,Proteins,0.17096905443399232,0.34247259169564437,0.16391471601163446,0.133243051212956,0.04446407022607691,0.0952910854090013,0.0356325651553491,0.10334806796913892,protein_backbone,0.34247259169564437
160,ubiquitin,Proteins,0.1800507281147423,0.27877850763770784,0.10820190853726393,0.11308462138870275,0.031224851305439897,0.06373450336345494,0.03078717435755431,0.06774656834224442,protein_backbone,0.27877850763770784
161,glucose oxidase,Proteins,0.13290954484532133,0.31911949543076024,0.11357917784909151,0.04542542001775927,0.03836124894047676,0.1464749142485713,0.04148506262802519,0.10037562309826967,protein_backbone,0.31911949543076024
162,glucose oxidase,Proteins,0.19187865604778243,0.3636290528840399,0.15238543713502645,0.13751218297029266,0.08941161784692792,0.17449787927015736,0.07232689021158482,0.13723905474696255,protein_backbone,0.3636290528840399
163,xylanase,Proteins,0.5011359677993112,0.34524318066997284,0.13348856178016405,0.31036109958890895,0.057004749491888454,0.6163053952426906,0.35140437447638223,0.5213540124488412,glycan_carbohydrate,0.6163053952426906
164,xylanase,Proteins,0.3868762852994018,0.2507937192961463,0.12319160487380089,0.25026863076869993,0.04552129222481158,0.5276758923243946,0.3746993646060503,0.4660037330826549,glycan_carbohydrate,0.5276758923243946
165,xylanase,Proteins,0.4389091783298499,0.3070393610026645,0.13862530862518813,0.3145733186514024,0.05500952840278486,0.4909831966991025,0.3109983068303613,0.43344136011419704,glycan_carbohydrate,0.4909831966991025
166,cytochrome c,Proteins,0.15840110186521944,0.09235245478275142,0.17655024616203835,0.33123831356911,0.11461074262653968,0.09396270232675258,0.031188093678550605,0.02235282355242394,purine_nucleotide,0.33123831356911
167,cytochrome c,Proteins,0.07773566268453584,0.0956278324399509,0.09912141077847189,0.13390051799276795,0.2779609216527657,0.13318734836544308,0.026036292419962994,0.03466811204164285,pyrimidine_nucleotide,0.2779609216527657
168,a-dna,NucleicAcids,0.25640452154887516,0.3976779563009667,0.17555010956827655,0.35166759264448433,0.5871122527619701,0.2066315872918854,0.11212242870690836,0.21021147514626584,pyrimidine_nucleotide,0.5871122527619701
169,b-dna,NucleicAcids,0.19130056707137627,0.3318930512917644,0.18517765095494837,0.3617088470955405,0.470142171097089,0.21797273294229502,0.11431109006656073,0.21858671298087246,pyrimidine_nucleotide,0.470142171097089
170,t-rna,NucleicAcids,0.13163792059090318,0.33486397193668516,0.1027340607285863,0.28805645384111433,0.44530658283508223,0.1356530914150759,0.03523856045977701,0.045460718880219055,pyrimidine_nucleotide,0.44530658283508223
171,ceramide,Lipids,0.19442127216152516,0.15581125387237893,0.02525283480309617,0.033067297167758386,0.011827628239179187,0.12152525067051564,0.040456937097283485,0.19331067664157514,membrane_lipid,0.19442127216152516
172,melanin,Pigments,0.1799542204634985,0.15265187051652684,0.18662426169283156,0.11760453717308121,0.009405721012464372,0.005432499114494664,0.009946265340879832,0.006001015721833162,aromatic_amino_acid,0.18662426169283156
173,melanin,Pigments,0.23732041026312217,0.19600857814324207,0.202640532937132,0.1605677818160377,0.01471634874633011,0.011360922237589999,0.015735203725999864,0.009728696738156324,membrane_lipid,0.23732041026312217
174,melanin,Pigments,0.3260860020724406,0.27947977538176844,0.2310545580696873,0.20879490725333374,0.01207437570277044,0.008129749543223534,0.012463498351111813,0.009202000281593488,membrane_lipid,0.3260860020724406
175,melanin,Pigments,0.27580500218013354,0.24890537260528614,0.23176458254722443,0.17558734536048295,0.00829038104237972,0.0035757733068553883,0.009159183274581246,0.004048496119919271,membrane_lipid,0.27580500218013354
176,2-deoxy-d-ribose,Saccharides,0.09483103481217439,0.1927180488549851,0.06618946297349282,0.12286996078184804,0.31437839178451554,0.1449027305888101,0.06879482847345847,0.21346894153812548,pyrimidine_nucleotide,0.31437839178451554
177,amylopectin,Saccharides,0.3607047580199597,0.23754616793702973,0.09935638607082606,0.25328294681375774,0.06505062391152616,0.4167586587675356,0.3162528790061461,0.34165578184508755,glycan_carbohydrate,0.4167586587675356
178,amylose,Saccharides,0.416083436711242,0.2640491017467199,0.11615768585477732,0.284168454484779,0.05147534522478425,0.5051445227594433,0.3333682958073084,0.42759148714923634,glycan_carbohydrate,0.5051445227594433
179,d-(+)-galactose,Saccharides,0.17421730983220943,0.22000475266524838,0.19488751414014083,0.2470871929499097,0.19077431927910343,0.25701314896710514,0.11403534237838417,0.6293806967596468,nucleic_acid_backbone,0.6293806967596468
180,d-(+)-glucose,Saccharides,0.1701967802146358,0.11237591254373966,0.1397123088047217,0.20393714463205959,0.04537848211358218,0.3526346185168058,0.11893328589152474,0.3869029652186834,nucleic_acid_backbone,0.3869029652186834
181,d-(+)-lactose monohydrate,Saccharides,0.1625988375325923,0.15127680692402462,0.11018303831818027,0.16645536374790024,0.0420151049598098,0.3855386083439506,0.12682371440191761,0.27638096001105505,glycan_carbohydrate,0.3855386083439506
182,d-(+)-maltose monohydrate,Saccharides,0.2990538185769446,0.1484866134200814,0.09909903351185897,0.16286920467355284,0.028683273875153195,0.38326420218168844,0.27714777852031935,0.445318706398654,nucleic_acid_backbone,0.445318706398654
183,d-(+)-raffinose pentahydrate,Saccharides,0.27616109894217067,0.228659679214891,0.18810465301051557,0.2066394794193732,0.0600993076995735,0.23325943041604352,0.1521237533730882,0.43551967040850664,nucleic_acid_backbone,0.43551967040850664
184,d-(+)-sucrose,Saccharides,0.21663903190502704,0.19852079018587437,0.20737286849862438,0.16210359118853998,0.035014883677054465,0.28526391149246605,0.16440830731728012,0.3089567713794315,nucleic_acid_backbone,0.3089567713794315
185,d-(+)-xylose,Saccharides,0.14430745069652742,0.08019604638082115,0.03763613704270999,0.0810729945584164,0.03224632775859836,0.3609614554546922,0.17549809849842446,0.09520874772486944,glycan_carbohydrate,0.3609614554546922
186,d-(-)-fructose,Saccharides,0.15030587278431995,0.16963647623235767,0.16756258521890646,0.0585763607704218,0.10545657622842594,0.18640826080890682,0.14472703646729299,0.21511906327950825,nucleic_acid_backbone,0.21511906327950825
187,d-(-)-ribose,Saccharides,0.19688808228001872,0.2173461491400372,0.10577261722654636,0.1550792880506908,0.060995593306351195,0.40499473910244793,0.17610478558855244,0.4911524488594463,nucleic_acid_backbone,0.4911524488594463
188,glycogen,Saccharides,0.4582691164469048,0.29068929980599834,0.14019854191239786,0.31671774380107515,0.06086520379189614,0.5687898510056294,0.29293185916969855,0.5028713585655802,glycan_carbohydrate,0.5687898510056294
189,l-(+)-arabinose,Saccharides,0.060740706809016144,0.13944555158826216,0.1605207228743409,0.12782769218658252,0.01537446800037933,0.11586524095403757,0.0508619897243482,0.11999190143448821,aromatic_amino_acid,0.1605207228743409
190,ceramide,Lipids,0.21781806355197236,0.2013229263342059,0.027456961612294377,0.03435663092038391,0.012841313676348274,0.19063637987635096,0.010022494424011433,0.2832066420787583,nucleic_acid_backbone,0.2832066420787583
191,elastin,Proteins,0.1642320690950102,0.2646999129542532,0.10234986144685752,0.10961179682609774,0.07035114924111363,0.14838058674037752,0.06290677381237808,0.1031966296545155,protein_backbone,0.2646999129542532
192,keratin,Proteins,0.22247539643600922,0.27038869889143674,0.11912735953654921,0.10596749710011459,0.05132283049105152,0.08268399242900049,0.06615020584729624,0.1360584372779489,protein_backbone,0.27038869889143674
193,l-asparagine,AminoAcids,0.23258404253684398,0.09526046286137946,0.044329254929275946,0.09861218728985227,0.09002851362762997,0.12218857209331327,0.03906011780571646,0.08135541921936659,membrane_lipid,0.23258404253684398
194,l-aspartic acid,AminoAcids,0.11045196497070517,0.11664280932549953,0.022739859786599655,0.09644445676548148,0.14359814321973324,0.11643359371791404,0.06257862361696358,0.03227290275416213,pyrimidine_nucleotide,0.14359814321973324
195,glucosamine,Saccharides,0.1547592232483302,0.099443349532323,0.1339284509799233,0.17372509871725494,0.039461570577172034,0.30500871228855364,0.36809991769436734,0.2064594098583336,redox_metabolite,0.36809991769436734
196,tubulin,Proteins,0.12082545766383175,0.08298038742370292,0.11915030250587282,0.28128698673851915,0.02813283978986096,0.1358897998379765,0.05063164000431952,0.30066127959533545,nucleic_acid_backbone,0.30066127959533545
197,insulin,Proteins,0.4263176271484832,0.5003556673476199,0.3652846489069388,0.2624493081658687,0.1655649288593859,0.351056297526333,0.14666314207469486,0.34955229605581084,protein_backbone,0.5003556673476199
198,diethylstilbestrol,Lipids,0.054863720075466714,0.09705911786913762,0.09876232556699595,0.034402125890756474,0.11757941314785988,0.08138342100659933,0.012389952694520414,0.06698516740011168,pyrimidine_nucleotide,0.11757941314785988
199,estradiol,Lipids,0.18068059763926114,0.24168633515168714,0.173842898475386,0.22723246029895217,0.13972030449816208,0.14661276448965135,0.09825522409444636,0.12036586673159737,protein_backbone,0.24168633515168714
200,estriol,Lipids,0.18008854977530797,0.24211614700294393,0.17678978937209297,0.230708818034021,0.14365685047012652,0.14814734863768464,0.10165054146047414,0.12020226018273919,protein_backbone,0.24211614700294393
201,estrone,Lipids,0.14740561738201288,0.1971057587145308,0.11857026666748421,0.2220024686260755,0.0741135849582518,0.07864521149154785,0.1196357371385848,0.05213089654363852,purine_nucleotide,0.2220024686260755
202,ethinylestradiol,Lipids,0.253048625780832,0.2641950718550614,0.18246765180119048,0.30501895572657967,0.07119534948257378,0.12920994842693104,0.20338471167970534,0.10024488967035176,purine_nucleotide,0.30501895572657967
